Car Name,Year,Fuel,Car Driven,Transmission,Owner,price
Maruti Suzuki Ritz,2014,PETROL,54000,,1st,380000
Hyundai Verna,2018,DIESEL,67000,,2nd,1300000
Mercedes-Benz B Class,2015,DIESEL,60000,,3rd,1750000
Toyota Etios Liva,2011,PETROL,50000,,Second,355000
Maruti Suzuki Ritz,2009,PETROL,90000,,First,260000
Renault Duster,2019,DIESEL,47000,,1st,1075000
Maruti Suzuki Zen,2005,PETROL,88509,,2nd,110000
Volkswagen Vento,2012,DIESEL,97000,,1st,310000
Maruti Suzuki Ertiga,2012,DIESEL,125000,,1st,405000
Tata Sumo Victa,2006,DIESEL,168000,,3rd,110000
Honda Jazz,2018,PETROL,46000,,1st,690000
Maruti Suzuki Alto 800,2014,PETROL,47000,,2nd,235000
Maruti Suzuki 800,1998,PETROL,40000,,2nd,55000
Maruti Suzuki Swift Dzire,2012,PETROL,40000,,1st,405000
Honda City Zx,2005,PETROL,85000,,1st,180000
Mahindra Xylo,2013,DIESEL,100000,,1st,475000
Tata Indigo,2008,DIESEL,185000,,3rd,72000
Toyota Innova Crysta,2017,DIESEL,430000,,1st,1750000
Hyundai Grand I10,2016,PETROL,45000,,1st,500000
Maruti Suzuki Swift,2015,DIESEL,88000,,1st,450000
Nissan Sunny,2012,DIESEL,124000,,1st,325000
Audi Q3,2018,DIESEL,66000,,2nd,2700000
Honda City,2014,PETROL,75000,,1st,645000
Maruti Suzuki Wagon R,2009,PETROL,90000,,First,165000
Hyundai I20,2021,PETROL,10000,,First,70000
Ford Figo,2011,DIESEL,110000,,1st,170000
Maruti Suzuki Swift,2007,DIESEL,150000,,1st,175000
Maruti Suzuki Swift Dzire,2015,PETROL,60000,,1st,500000
Ford Figo,2017,DIESEL,88000,,2nd,420000
Hyundai Creta,2018,DIESEL,65000,,3rd,1420000
Maruti Suzuki Celerio,2015,PETROL,90943,,1st,355000
Tata Indigo,2013,PETROL,5555,,4th,15800
Volkswagen Vento,2010,--,5555,,--,15000
Volkswagen Polo,2011,PETROL,555,,--,15000
Volkswagen Passat,2020,PETROL,555,,1st,15000
Volkswagen Ameo,2020,CNG & HYBRIDS,85,,1st,1500000
Honda Jazz,2016,PETROL,72000,,1st,610000
Toyota Qualis,2003,DIESEL,185000,,2nd,125000
Ford Ecosport,2013,PETROL,82000,,1st,430000
Tata Others,2017,--,75000,,1st,250000
Maruti Suzuki Swift,2014,DIESEL,44000,,2nd,475000
Maruti Suzuki Gypsy,1997,PETROL,131650,,3rd,365000
Jeep Compass,2020,DIESEL,9521,,1st,2200000
Hyundai I20,2021,PETROL,10000,,First,70000
Renault Duster,2014,DIESEL,28000,,First,620000
Maruti Suzuki Omni,2005,PETROL,62000,,4th,75000
Tata Others,2017,--,75000,,4+,250000
Maruti Suzuki Wagon R 1.0,2013,PETROL,72999,,2nd,310000
Toyota Innova,2012,DIESEL,90000,,3rd,760000
Volkswagen Polo,2010,DIESEL,85000,,1st,295000
Maruti Suzuki Omni,2005,PETROL,85000,,2nd,75000
Maruti Suzuki Swift,2006,PETROL,86000,,2nd,180000
Maruti Suzuki Alto,2009,PETROL,79000,,2nd,100000
Maruti Suzuki Swift,2020,PETROL,7000,,1st,675000
Maruti Suzuki Estilo,2009,PETROL,100000,,2nd,140000
Maruti Suzuki Alto 800,2015,PETROL,37000,,1st,250000
Toyota Innova,2012,DIESEL,999999,,1st,830000
Maruti Suzuki Ciaz,2016,PETROL,50000,,2nd,660000
Maruti Suzuki Wagon R,2012,PETROL,133000,,1st,260000
Mitsubishi Lancer,2009,DIESEL,120000,,4th,145000
Hyundai Fluidic Verna,2012,PETROL,50000,,2nd,335000
Audi Q7,2008,DIESEL,116000,,3rd,1000000
Ford Ecosport,2019,PETROL,14500,,1st,820000
Maruti Suzuki 800,2000,PETROL,90000,,Third,65000
Mercedes-Benz Viano,2005,DIESEL,160000,,Third,200000
Maruti Suzuki Baleno,2017,PETROL,26000,,1st,620000
Honda City,2015,DIESEL,115000,,1st,665000
Maruti Suzuki Swift,2013,DIESEL,60000,,2nd,445000
Maruti Suzuki Ritz,2013,PETROL,50000,,1st,310000
Maruti Suzuki Alto,2021,--,666,,--,300000
Hyundai I10,2010,PETROL,73000,,2nd,179000
Ashok Leyland Others,2021,DIESEL,8500,,1st,825000
Chevrolet Beat,2012,--,6,,--,150000
Tata Manza,2011,--,858,,--,30000
Chevrolet Beat,2015,--,55,,--,25000
Chevrolet Spark,2008,--,55,,--,25000
Hindustan Motors Ambassador,2009,--,55,,--,20000
Mahindra Scorpio,2006,DIESEL,190000,,2nd,225000
Bmw 5 Series,2020,--,100,,--,15000
Tata Harrier,2019,--,1,,--,2000000
Honda Jazz,2015,PETROL,37069,,1st,510000
Hyundai Elite I20,2015,PETROL,78000,,2nd,498000
Volkswagen Polo,2010,PETROL,82000,,2nd,299000
Nissan Micra,2013,PETROL,6424,,Second,280000
Hyundai Others,2021,PETROL,0,,First,68000
Honda Civic Hybrid,2021,--,6,,--,15000
Maruti Suzuki 800,2008,PETROL,100000,,2nd,120000
Mahindra Bolero,2015,DIESEL,90000,,1st,620000
Maruti Suzuki Gypsy,1999,PETROL,55000,,2nd,275000
Maruti Suzuki Baleno,2006,PETROL,82000,,4th,147500
Skoda Rapid,2017,DIESEL,29000,,1st,855000
Tata Sumo,2012,DIESEL,127000,,2nd,265000
Maruti Suzuki Wagon R 1.0,2018,PETROL,19000,,1st,469000
Mahindra Bolero,2004,DIESEL,1,,2nd,199000
Hyundai Venue,2020,PETROL,5500,,1st,1200000
Hyundai Santro Xing,2009,PETROL,90000,,2nd,140000
Maruti Suzuki Wagon R,2010,PETROL,100000,,2nd,172000
Toyota Etios Liva,2017,PETROL,39000,,1st,629000
Honda City Zx,2014,DIESEL,400000,,1st,15000
Honda City Zx,2020,PETROL,14138,,1st,1500000
Toyota Innova Crysta,2019,DIESEL,70000,,1st,1175000
Honda Amaze,2018,PETROL,36000,,1st,620000
Mercedes-Benz E-Class,2017,DIESEL,33000,,1st,3950000
Maruti Suzuki Wagon R,2003,PETROL,120000,,Third,82000
Ford Ecosport,2017,DIESEL,70000,,First,760000
Hyundai Grand I10,2018,PETROL,50000,,1st,465000
Maruti Suzuki Wagon R 1.0,2019,PETROL,25000,,1st,475000
Hyundai I10,2010,PETROL,70000,,2nd,225000
Maruti Suzuki Zen,2000,PETROL,100000,,3rd,52000
Hyundai I20,2015,DIESEL,91000,,2nd,615000
Maruti Suzuki Alto K10,2019,PETROL,40000,,1st,350000
Hyundai Creta,2016,DIESEL,55000,,2nd,1090000
Force Motors Others,2005,DIESEL,90455,,2nd,225000
Maruti Suzuki Swift Dzire,2010,DIESEL,180000,,3rd,225000
Maruti Suzuki Wagon R,2017,PETROL,39000,,1st,425000
Toyota Etios Liva,2016,DIESEL,95000,,1st,670000
Hyundai I10,2010,PETROL,64000,,2nd,275000
Hyundai Eon,2018,PETROL,28000,,1st,325000
Skoda Yeti,2012,DIESEL,144000,,1st,585000
Maruti Suzuki Baleno,2016,PETROL,57000,,1st,518000
Toyota Innova,2012,DIESEL,120000,,2nd,810000
Honda Jazz,2015,PETROL,60000,,1st,588000
Maruti Suzuki Ritz,2012,DIESEL,160000,,First,350000
Honda Amaze,2014,PETROL,120000,,First,335000
Honda City,2012,PETROL,88000,,2nd,465000
Maruti Suzuki 800,2004,PETROL,6666,,3rd,66666
Mitsubishi Lancer,2005,DIESEL,160000,,--,300000
Chevrolet Beat,2010,PETROL,44150,,1st,199000
Tata Indica,2000,DIESEL,175000,,3rd,48000
Tata Sumo Grande,2009,DIESEL,122000,,--,140000
Ford Fiesta,2010,DIESEL,99000,,2nd,159000
Maruti Suzuki Celerio,2014,PETROL,64000,,1st,348000
Maruti Suzuki Swift,2017,DIESEL,59000,,1st,557000
Maruti Suzuki Swift Dzire,2017,PETROL,19000,,1st,575000
Maruti Suzuki Alto,2011,PETROL,66000,,2nd,190000
Maruti Suzuki Alto,2004,PETROL,110000,,2nd,80000
Bmw 3 Series,2016,DIESEL,38000,,1st,25000
Ford Fiesta,2011,PETROL,223500,,1st,195000
Toyota Etios,2011,PETROL,57000,,--,340000
Hyundai Elite I20,2019,PETROL,36000,,1st,635000
Hyundai Grand I10,2018,PETROL,56000,,2nd,495000
Mahindra Xylo,2015,DIESEL,48000,,1st,594000
Hyundai I20,2021,DIESEL,0,,First,99999
Maruti Suzuki Omni,2012,PETROL,120000,,First,120000
Hindustan Motors Ambassador,1995,DIESEL,85000,,2nd,50000
Toyota Innova,2013,DIESEL,190000,,--,815000
Maruti Suzuki Ertiga,2013,DIESEL,77000,,2nd,450000
Toyota Innova,2006,DIESEL,132000,,2nd,585000
Maruti Suzuki Alto 800,2013,PETROL,67808,,1st,237000
Mahindra Xuv500,2012,DIESEL,44000,,2nd,780000
Honda Cr-V,2005,PETROL,156000,,4+,250000
Maruti Suzuki Swift,2016,DIESEL,96000,,1st,530000
Maruti Suzuki Swift,2014,DIESEL,163000,,1st,360000
Maruti Suzuki Wagon R,2013,PETROL,115000,,1st,295000
Maruti Suzuki Swift,2014,DIESEL,163000,,1st,360000
Maruti Suzuki Baleno,2017,PETROL,70000,,1st,599999
Volkswagen Polo,2013,DIESEL,115000,,2nd,375000
Toyota Innova,2015,DIESEL,103900,,1st,969000
Mercedes-Benz Gle Class,2016,DIESEL,65900,,1st,4900000
Toyota Innova Crysta,2017,DIESEL,67000,,1st,1775000
Mercedes-Benz E-Class,2016,PETROL,16000,,2nd,3500000
Maruti Suzuki Wagon R 1.0,2011,PETROL,78000,,First,235000
Skoda Octavia,2014,DIESEL,90000,,Second,1150000
Datsun Go,2018,PETROL,13000,,1st,325000
Hyundai Creta,2018,DIESEL,70000,,2nd,900000
Mahindra Xuv500,2015,DIESEL,120000,,1st,975000
Mahindra Jeep,1996,DIESEL,60000,,2nd,345000
Maruti Suzuki Alto,2005,PETROL,62000,,2nd,64999
Ford Ecosport,2013,DIESEL,150000,,2nd,540000
Mahindra Xuv500,2013,DIESEL,57000,,2nd,710000
Chevrolet Optra,2009,DIESEL,99000,,2nd,139000
Maruti Suzuki Swift,2015,PETROL,42000,,2nd,455500
Maruti Suzuki Eeco,2014,PETROL,113000,,1st,235000
Maruti Suzuki 800,2017,PETROL,61000,,2nd,260000
Maruti Suzuki Baleno,2016,DIESEL,74000,,1st,565000
Tata Others,2015,DIESEL,105000,,1st,260000
Mahindra Jeep,1991,DIESEL,98000,,3rd,300000
Maruti Suzuki 800,2003,PETROL,88000,,2nd,58000
Ford Ecosport,2016,DIESEL,68500,,1st,730000
Maruti Suzuki Swift,2017,DIESEL,56000,,1st,625000
Maruti Suzuki Baleno,2018,PETROL,18000,,1st,765000
Mahindra Thar,2021,PETROL,10000,,First,1760000
Hindustan Motors Ambassador,2021,PETROL,10000,,First,419000
Toyota Etios,2011,PETROL,65000,,3rd,375000
Ford Figo,2012,DIESEL,101000,,2nd,220000
Toyota Innova,2014,DIESEL,62000,,1st,1100000
Hyundai I10,2011,PETROL,87000,,1st,185000
Ford Figo,2012,DIESEL,110000,,1st,200000
Toyota Innova,2007,DIESEL,290000,,2nd,620000
Mitsubishi Lancer,2006,DIESEL,98000,,3rd,100000
Maruti Suzuki Eeco,2014,PETROL,88000,,2nd,325000
Hyundai Santro,2003,PETROL,75000,,2nd,65000
Hyundai Santro,2003,PETROL,75000,,2nd,65000
Mahindra Xuv500,2016,DIESEL,58000,,1st,1145000
Tata Indica,2011,DIESEL,86653,,2nd,95000
Maruti Suzuki Celerio,2015,PETROL,12000,,1st,410000
Maruti Suzuki Swift,2015,DIESEL,67000,,1st,500000
Volkswagen Polo Gti,2014,PETROL,54000,,2nd,525000
Maruti Suzuki Swift,2018,PETROL,54000,,1st,675000
Tata Winger,2015,DIESEL,88000,,1st,485000
Maruti Suzuki Swift Dzire,2018,PETROL,25000,,1st,629999
Maruti Suzuki Swift,2013,DIESEL,375000,,Second,375000
Maruti Suzuki Baleno,2015,PETROL,30000,,First,600000
Maruti Suzuki Wagon R 1.0,2015,PETROL,45000,,1st,325000
Hindustan Motors Contessa,1998,DIESEL,1,,3rd,680000
Maruti Suzuki 800,2001,PETROL,90000,,2nd,75000
Mahindra Verito,2013,DIESEL,197000,,2nd,215000
Mahindra Jeep,2002,DIESEL,45,,2nd,270000
Hyundai Verna,2017,DIESEL,40000,,2nd,765000
Mahindra Xuv500,2016,DIESEL,37000,,1st,1110000
Maruti Suzuki Wagon R,2014,PETROL,47500,,1st,420000
Maruti Suzuki Swift,2017,PETROL,20000,,2nd,570000
Maruti Suzuki 800,2004,PETROL,67000,,3rd,60000
Volkswagen Polo,2017,PETROL,45285,,1st,600000
Maruti Suzuki Celerio,2018,PETROL,13000,,1st,480000
Maruti Suzuki Wagon R,2016,PETROL,61000,,1st,410000
Other Brands Others,1950,PETROL,204,,1st,3000000
Volkswagen Polo,2010,DIESEL,120000,,2nd,240000
Maruti Suzuki Ertiga,2016,PETROL,77126,,1st,620000
Nissan Sunny,2013,DIESEL,39000,,1st,460000
Maruti Suzuki Swift Dzire Tour,2012,DIESEL,140000,,2nd,325000
Tata Sumo,2009,DIESEL,200000,,First,210000
Maruti Suzuki 800,1999,PETROL,90000,,First,45000
Hyundai I20,2011,DIESEL,92000,,1st,332000
Maruti Suzuki 800,1999,PETROL,28000,,3rd,28000
Ford Figo,2014,DIESEL,124500,,2nd,245000
Maruti Suzuki Wagon R,2008,CNG & HYBRIDS,46000,,2nd,170000
Tata Safari,2003,DIESEL,80,,2nd,95000
Maruti Suzuki Zen,2003,PETROL,85000,,3rd,120000
Hyundai Verna,2014,DIESEL,87000,,1st,460000
Maruti Suzuki Alto,2009,PETROL,80440,,3rd,140000
Ford Ikon,2021,--,889,,--,200000
Hyundai Accent,2021,--,8800,,--,85000
Ambassador Ambassador,2021,--,665,,--,200000
Jeep Others,1993,--,55,,--,250000
Hyundai Elite I20,2015,PETROL,61000,,1st,475000
Hyundai Santro Xing,2007,PETROL,78000,,2nd,135000
Renault Duster,2013,DIESEL,75000,,2nd,460000
Tata Nano,2014,PETROL,30000,,3rd,123000
Honda Amaze,2014,PETROL,23000,,1st,500000
Mercedes-Benz Gls,2017,DIESEL,96000,,1st,6500000
Volkswagen Polo,2011,DIESEL,112015,,Second,300000
Maruti Suzuki Swift Dzire,2016,DIESEL,120000,,Second,355000
Toyota Innova,2012,DIESEL,96998,,2nd,670000
Toyota Fortuner,2015,DIESEL,29985,,1st,190000
Toyota Innova,2015,DIESEL,166735,,1st,1025000
Volkswagen Polo,2014,PETROL,55000,,1st,525000
Chevrolet Cruze,2011,DIESEL,75000,,2nd,310000
Toyota Innova,2014,DIESEL,75000,,1st,1050000
Ford Ecosport,2017,DIESEL,72000,,1st,720000
Maruti Suzuki Alto 800,2019,PETROL,22000,,1st,75000
Maruti Suzuki 800,1994,PETROL,910000,,4+,45500
Maruti Suzuki Zen,2000,PETROL,88000,,2nd,85000
Volkswagen Polo,2015,DIESEL,70000,,1st,470000
Tata Safari,2009,DIESEL,140000,,2nd,240000
Maruti Suzuki Wagon R,2009,--,69000,,1st,195000
Maruti Suzuki Alto 800,2019,PETROL,52000,,1st,330000
Toyota Corolla Altis,2010,PETROL,79872,,2nd,280000
Maruti Suzuki Baleno,2018,PETROL,22676,,1st,630000
Hyundai I10,2011,PETROL,72000,,1st,283000
Mahindra Xylo,2011,DIESEL,142000,,2nd,285000
Maruti Suzuki Ritz,2012,DIESEL,80000,,Third,320000
Tata Spacio,2005,DIESEL,85000,,1st,110000
Maruti Suzuki Grand Vitara,2017,DIESEL,50000,,1st,700000
Maruti Suzuki Wagon R,2015,PETROL,70000,,1st,375000
Chevrolet Beat,2013,DIESEL,72000,,1st,160000
Force Motors Trax Cruiser,2010,DIESEL,110000,,2nd,339000
Hyundai Eon,2015,PETROL,75000,,1st,208000
Toyota Etios,2016,DIESEL,48000,,1st,165000
Hyundai I20,2010,PETROL,80000,,3rd,310000
Toyota Etios,2015,DIESEL,41000,,1st,475000
Tata Indica V2,2008,DIESEL,120000,,2nd,50000
Maruti Suzuki Alto,2010,PETROL,87000,,3rd,130000
Other Brands Others,2014,PETROL,1,,1st,40000
Tata Nano,2012,PETROL,70563,,1st,95000
Ford Ikon,2009,PETROL,104000,,3rd,120000
Maruti Suzuki Swift,2012,DIESEL,58000,,2nd,420000
Toyota Innova,2005,DIESEL,200000,,3rd,379000
Nissan Others,2021,PETROL,1100,,1st,950000
Ford Ecosport,2018,DIESEL,40000,,1st,880000
Maruti Suzuki Alto,2007,PETROL,76000,,3rd,85000
Hyundai Santro,2003,PETROL,74000,,2nd,78000
Honda Amaze,2014,DIESEL,104000,,1st,355000
Hyundai Grand I10 Nios,2018,PETROL,36000,,1st,399999
Mercedes-Benz E-Class,2005,DIESEL,155000,,2nd,525000
Tata Nexon,2018,PETROL,37499,,1st,840000
Toyota Fortuner,2014,DIESEL,225584,,1st,1800000
Maruti Suzuki Omni,2008,PETROL,90000,,2nd,100000
Hyundai Eon,2012,PETROL,79000,,2nd,180000
Ford Escort,2013,DIESEL,99000,,1st,430000
Maruti Suzuki Swift Dzire,2015,DIESEL,72000,,2nd,490000
Hyundai Eon,2015,PETROL,75000,,1st,210000
Maruti Suzuki Wagon R,2006,PETROL,86496,,2nd,110000
Toyota Etios,2015,PETROL,76000,,1st,340000
Nissan Sunny,2012,DIESEL,156598,,1st,320000
Maruti Suzuki Wagon R,2019,PETROL,22000,,1st,625000
Maruti Suzuki Ritz,2014,DIESEL,106000,,3rd,387000
Toyota Etios,2013,DIESEL,200000,,1st,454000
Other Brands Others,2020,PETROL,12000,,1st,1600000
Maruti Suzuki Swift,2005,DIESEL,100557,,2nd,195000
Mahindra Others,2018,DIESEL,820000,,1st,160000
Maruti Suzuki 800,2001,PETROL,70000,,2nd,35000
Maruti Suzuki Zen,2004,PETROL,80000,,4th,80000
Hyundai Accent,2000,PETROL,50000,,2nd,60000
Toyota Innova,2008,DIESEL,152000,,2nd,510000
Honda City,2003,PETROL,110000,,2nd,170000
Honda City,2000,PETROL,10000,,2nd,60000
Chevrolet Tavera Neo,2011,DIESEL,251600,,2nd,300000
Maruti Suzuki Alto,2006,PETROL,76000,,2nd,105000
Ford Figo,2015,DIESEL,73000,,1st,400000
Hyundai Grand I10,2015,PETROL,75749,,1st,370000
Mercedes-Benz B Class,2013,DIESEL,83500,,2nd,1450000
Renault Duster,2018,DIESEL,38071,,2nd,895000
Audi A4,2006,PETROL,63260,,3rd,625000
Ford Figo,2014,DIESEL,104000,,2nd,220000
Toyota Innova Crysta,2018,--,30000,,1st,2450000
Maruti Suzuki Omni,2015,PETROL,79934,,2nd,195000
Nissan Micra,2014,PETROL,49000,,1st,425000
Maruti Suzuki Wagon R,2007,PETROL,81407,,3rd,138000
Maruti Suzuki Wagon R,2007,PETROL,98637,,2nd,160000
Maruti Suzuki Swift,2019,PETROL,29000,,1st,640000
Maruti Suzuki Swift,2019,PETROL,15000,,1st,670000
Toyota Corolla Altis,2013,DIESEL,120000,,2nd,710000
Toyota Innova,2012,DIESEL,180000,,2nd,755000
Maruti Suzuki Alto,2008,PETROL,56000,,2nd,125000
Tata Indigo,2012,DIESEL,94000,,2nd,125000
Maruti Suzuki Ertiga,2013,DIESEL,105000,,2nd,460000
Toyota Etios,2012,DIESEL,110000,,2nd,420000
Toyota Etios,2012,DIESEL,187560,,3rd,365000
Hyundai I20,2009,PETROL,100000,,2nd,215000
Ford Ecosport,2019,DIESEL,19000,,1st,985000
Ford Figo,2012,DIESEL,105000,,3rd,250000
Maruti Suzuki Swift,2014,PETROL,0,,1st,370000
Tata Indigo,2006,DIESEL,160000,,2nd,80000
Maruti Suzuki A-Star,2009,PETROL,57550,,2nd,175000
Honda City,2000,PETROL,100000,,2nd,230000
Maruti Suzuki Wagon R 1.0,2011,PETROL,85000,,1st,238000
Hyundai I10,2008,PETROL,65000,,3rd,145000
Maruti Suzuki Alto,2010,PETROL,87000,,2nd,150000
Volkswagen Ameo,2018,--,15000,,--,750000
Maruti Suzuki Alto 800,2019,PETROL,6600,,--,345000
Maruti Suzuki Vitara Brezza,2017,DIESEL,90000,,1st,775000
Nissan Datsun Redi Go,2018,PETROL,18,,1st,250000
Volkswagen Polo,2013,DIESEL,90000,,2nd,375000
Ford Figo,2013,DIESEL,56133,,2nd,265000
Hyundai Verna,2008,DIESEL,80000,,3rd,139000
Mitsubishi Pajero Sport,2012,DIESEL,135000,,2nd,985000
Jeep Compass,2019,PETROL,11000,,1st,1775000
Tata Tiago,2020,PETROL,3600,,1st,495000
Maruti Suzuki Ertiga,2012,DIESEL,82785,,2nd,500000
Fiat Linea,2011,PETROL,37000,,2nd,250000
Maruti Suzuki Swift,2020,CNG & HYBRIDS,30000,,1st,100000
Fiat Grande Punto,2010,DIESEL,0,,2nd,155000
Skoda Fabia,2010,PETROL,55000,,1st,225000
Tata Tiago,2020,PETROL,16100,,1st,495000
Toyota Innova,2010,DIESEL,256000,,2nd,665000
Other Brands Others,2007,DIESEL,52000,,2nd,45000
Maruti Suzuki Swift,2009,DIESEL,143000,,2nd,215000
Maruti Suzuki S-Cross,2016,DIESEL,20000,,1st,900000
Honda Jazz,2016,DIESEL,65000,,2nd,525000
Honda City Zx,2008,PETROL,0,,2nd,155000
Jeep Compass,2017,DIESEL,39500,,1st,1600000
Hyundai Grand I10,2017,PETROL,29000,,1st,445000
Chevrolet Enjoy,2013,DIESEL,91000,,1st,295000
Jeep Compass,2018,DIESEL,44000,,1st,1720000
Maruti Suzuki Swift,2006,PETROL,110000,,2nd,225000
Mahindra Jeep,2004,DIESEL,50000,,3rd,275000
Maruti Suzuki Swift,2017,DIESEL,67000,,1st,615000
Maruti Suzuki Alto,2008,PETROL,102000,,3rd,114000
Maruti Suzuki Alto K10,2011,PETROL,67000,,2nd,170000
Chevrolet Beat,2011,PETROL,81000,,2nd,128000
Hyundai I10,2010,PETROL,94000,,2nd,180000
Hyundai I20,2011,DIESEL,120000,,2nd,285000
Hyundai Santro Xing,2008,PETROL,77000,,2nd,175000
Maruti Suzuki Zen,1998,PETROL,62763,,3rd,75000
Maruti Suzuki Alto 800,2017,PETROL,26000,,1st,285000
Maruti Suzuki Swift Dzire,2009,DIESEL,110000,,1st,228000
Maruti Suzuki Alto,2006,PETROL,30000,,1st,135000
Maruti Suzuki Alto,2005,PETROL,70400,,2nd,69999
Maruti Suzuki Alto,2008,PETROL,85000,,2nd,135000
Nissan Micra,2012,DIESEL,97000,,--,269000
Hyundai I20,2010,PETROL,82564,,4th,240000
Maruti Suzuki Swift,2008,DIESEL,152,,4th,190000
Maruti Suzuki Ritz,2011,DIESEL,170000,,2nd,240000
Renault Pulse,2012,DIESEL,112000,,1st,25000
Jeep Compass,2017,DIESEL,59500,,1st,1600000
Hyundai Fluidic Verna,2012,DIESEL,49000,,1st,475000
Kia Seltos,2020,DIESEL,25908,,1st,1910000
Ford Fiesta,2010,--,86273,,3rd,150000
Hyundai I10,2010,--,79209,,2nd,210000
Maruti Suzuki Zen,2004,PETROL,0,,3rd,111999
Maruti Suzuki Vitara Brezza,2018,DIESEL,19288,,1st,990000
Ford Ikon,2004,DIESEL,97000,,3rd,40000
Hyundai Creta,2015,DIESEL,45000,,2nd,1010000
Maruti Suzuki Zen,2000,PETROL,76000,,2nd,65000
Hyundai I20 Active,2010,DIESEL,133000,,3rd,285000
Maruti Suzuki Swift Dzire,2009,DIESEL,130000,,2nd,275000
Volkswagen Vento,2012,PETROL,79000,,1st,365000
Hyundai Eon,2013,PETROL,39090,,2nd,225000
Maruti Suzuki Ciaz,2015,DIESEL,48000,,1st,725000
Maruti Suzuki Alto,2006,PETROL,19000,,1st,150000
Maruti Suzuki Omni,2009,PETROL,93000,,2nd,150000
Jeep Compass,2017,DIESEL,40000,,1st,1500000
Maruti Suzuki Swift,2016,PETROL,34000,,2nd,510000
Maruti Suzuki 800,2012,PETROL,45000,,2nd,185000
Renault Duster,2013,PETROL,86200,,2nd,510000
Volkswagen Polo,2016,PETROL,23000,,1st,500000
Maruti Suzuki Alto,2018,PETROL,3500,,1st,350000
Maruti Suzuki Omni,2018,PETROL,11000,,1st,315000
Maruti Suzuki Alto K10,2011,PETROL,83974,,2nd,210000
Maruti Suzuki Wagon R 1.0,2019,PETROL,30000,,1st,460000
Tata Harrier,2020,DIESEL,13000,,1st,1860000
Tata Harrier,2020,DIESEL,13000,,1st,2325000
Mercedes-Benz Cls-Class,2009,DIESEL,66726,,3rd,1020000
Mg Hector,2020,PETROL,13062,,--,1790000
Land Rover Freelander 2,2014,DIESEL,68000,,2nd,2000000
Mercedes-Benz Gla Class,2017,DIESEL,28000,,2nd,2600000
Tata Tiago Nrg,2018,PETROL,17963,,1st,515000
Maruti Suzuki Wagon R,2009,PETROL,85000,,1st,195000
Maruti Suzuki Alto,2011,PETROL,50000,,3rd,165000
Hyundai Elite I20,2015,DIESEL,82000,,2nd,490000
Toyota Etios Liva,2019,PETROL,9990,,1st,675000
Maruti Suzuki Swift,2011,DIESEL,119000,,2nd,325000
Mercedes-Benz New C-Class,2016,PETROL,46000,,2nd,3100000
Mercedes-Benz E-Class,2019,DIESEL,40000,,1st,6200000
Land Rover Range Rover Evoque,2013,DIESEL,30000,,2nd,3400000
Audi A6,2015,DIESEL,9,,--,2222222
Audi A4,2018,DIESEL,79,,--,2999999
Mercedes-Benz Gla,2015,DIESEL,90000,,2nd,1990000
Maruti Suzuki Alto,2008,--,69506,,2nd,150000
Maruti Suzuki Alto,2009,--,71500,,3rd,155000
Maruti Suzuki Ertiga,2014,DIESEL,135000,,1st,540000
Maruti Suzuki Alto K10,2010,--,50755,,1st,205000
Tata Harrier,2019,DIESEL,19000,,1st,1790000
Maruti Suzuki Baleno,2018,DIESEL,67208,,1st,635000
Toyota Innova,2016,DIESEL,120000,,1st,990000
Mahindra Xuv300,2020,PETROL,18000,,1st,30000
Toyota Fortuner,2011,DIESEL,158000,,2nd,1099999
Chevrolet Spark,2009,PETROL,74000,,2nd,80000
Maruti Suzuki 800,2002,PETROL,55000,,2nd,95000
Ford Fiesta,2009,PETROL,107000,,4th,175000
Renault Kwid,2018,PETROL,25000,,1st,270000
Maruti Suzuki Ertiga,2016,DIESEL,45200,,2nd,679000
Toyota Innova,2014,DIESEL,165000,,1st,810000
Fiat Palio D,2004,DIESEL,100000,,3rd,60000
Honda Civic,2007,PETROL,90000,,2nd,265000
Hyundai I20,2018,DIESEL,55000,,1st,789000
Maruti Suzuki Alto,2007,PETROL,77759,,2nd,110000
Maruti Suzuki 800,1996,PETROL,1,,2nd,80000
Mahindra Thar,2021,DIESEL,1300,,1st,1655000
Honda Brio,2017,--,26638,,1st,440000
Honda Mobilio,2016,DIESEL,81000,,2nd,555000
Tata Others,2016,DIESEL,6000,,1st,385000
Mini Cooper S,2012,PETROL,33000,,2nd,2300000
Mahindra Xuv500,2014,DIESEL,129000,,2nd,710000
Maruti Suzuki Omni,2007,PETROL,65000,,2nd,79000
Maruti Suzuki Swift,2019,PETROL,10500,,1st,540000
Hyundai Verna,2007,DIESEL,96000,,2nd,125000
Maruti Suzuki 800,1985,PETROL,11111,,3rd,45000
Mahindra Scorpio,2008,DIESEL,75000,,2nd,225000
Honda City Zx,2006,PETROL,100000,,1st,189000
Toyota Innova Crysta,2016,DIESEL,83000,,2nd,1700000
Chevrolet Beat,2012,DIESEL,90860,,3rd,115000
Toyota Qualis,2004,DIESEL,225000,,3rd,150000
Hyundai Creta,2016,DIESEL,119000,,1st,900000
Maruti Suzuki Wagon R,2011,PETROL,81000,,2nd,265000
Toyota Corolla Altis,2008,PETROL,150000,,1st,290000
Maruti Suzuki Alto,2007,PETROL,100000,,3rd,80000
Toyota Etios Liva,2015,DIESEL,150000,,2nd,510000
Maruti Suzuki Swift,2018,PETROL,27000,,1st,590000
Hyundai Santro Xing,2008,PETROL,65000,,2nd,135000
Mercedes-Benz E-Class,2009,DIESEL,138000,,--,765000
Tata Indica Vista,2010,DIESEL,68000,,1st,135000
Honda City Zx,2017,--,52000,,--,675000
Tata Nexon,2020,DIESEL,17,,--,777777
Tata Harrier,2020,DIESEL,123,,--,1111111
Ford Escort,2016,DIESEL,120000,,1st,620000
Volkswagen Vento,2014,DIESEL,62000,,2nd,550000
Maruti Suzuki Swift,2008,DIESEL,110000,,1st,220000
Chevrolet Tavera,2006,DIESEL,158000,,2nd,131000
Maruti Suzuki 800,2000,PETROL,0,,1st,50000
Fiat Linea,2010,DIESEL,125000,,2nd,162000
Renault Fluence,2012,PETROL,90000,,2nd,210000
Maruti Suzuki Zen,1997,PETROL,100000,,4+,32000
Volkswagen Polo,2015,PETROL,38000,,1st,525000
Maruti Suzuki Ertiga,2012,DIESEL,135000,,2nd,395000
Maruti Suzuki Wagon R 1.0,2016,PETROL,11500,,1st,420000
Volvo S90,2018,DIESEL,21000,,2nd,5000000
Renault Kwid,2017,PETROL,9894,,1st,365000
Hyundai Elite I20,2019,DIESEL,6900,,1st,795000
Hyundai Grand I10,2014,PETROL,55000,,1st,465000
Maruti Suzuki Zen,2003,PETROL,75000,,3rd,65000
Maruti Suzuki Alto,2004,PETROL,109000,,2nd,75000
Volkswagen Polo,2010,DIESEL,141000,,2nd,255000
Ford Figo,2012,DIESEL,79800,,2nd,190000
Toyota Corolla,2004,--,55,,--,300000
Hyundai Verna,2018,DIESEL,78,,--,788888
Hyundai Fluidic Verna,2016,DIESEL,25,,--,555555
Maruti Suzuki Swift,2018,PETROL,4,,--,499999
Maruti Suzuki Eeco,2017,--,74250,,1st,345000
Maruti Suzuki Swift Dzire,2017,DIESEL,53000,,2nd,600000
Maruti Suzuki Swift Dzire,2010,DIESEL,140000,,3rd,249000
Hyundai I20,2011,DIESEL,66500,,2nd,265000
Maruti Suzuki Alto,2008,PETROL,103500,,3rd,115000
Tata Indigo,2007,DIESEL,96000,,2nd,122000
Honda Amaze,2016,DIESEL,68000,,1st,415000
Maruti Suzuki Alto K10,2011,PETROL,41,,1st,188400
Nissan Others,2015,PETROL,56000,,1st,198000
Hyundai Xcent,2021,CNG & HYBRIDS,1,,1st,70000
Other Brands Others,2016,DIESEL,1800,,1st,300000
Maruti Suzuki 800,2002,PETROL,45000,,2nd,45000
Maruti Suzuki 800,2005,PETROL,39268,,2nd,35000
Maruti Suzuki Vitara Brezza,2016,DIESEL,66000,,3rd,625000
Maruti Suzuki Swift Dzire,2015,DIESEL,80000,,1st,420000
Mahindra Xuv500,2016,DIESEL,52380,,1st,320000
Maruti Suzuki Wagon R,2008,PETROL,90000,,2nd,75000
Mahindra Bolero Power Plus,2014,DIESEL,170000,,1st,325000
Mahindra Xuv500,2012,DIESEL,89000,,2nd,265000
Hyundai Eon,2013,PETROL,42000,,2nd,198000
Mahindra Xuv500,2012,DIESEL,110000,,3rd,530000
Maruti Suzuki Celerio,2019,CNG & HYBRIDS,101100,,1st,250000
Mahindra Others,2014,PETROL,15000,,1st,280000
Mercedes-Benz E-Class,2006,DIESEL,150000,,2nd,600000
Mahindra Bolero Power Plus,2012,DIESEL,90000,,2nd,260000
Audi A6,2014,DIESEL,40000,,2nd,1750000
Maruti Suzuki Zen Estilo,2008,PETROL,75000,,2nd,125000
Kia Seltos,2020,PETROL,12900,,1st,1600000
Mahindra Bolero Power Plus,2018,DIESEL,72300,,2nd,630000
Skoda Kodiaq,2017,DIESEL,50000,,1st,2550000
Maruti Suzuki Swift,2010,DIESEL,135000,,3rd,220000
Renault Duster,2016,DIESEL,55648,,1st,525000
Hyundai Santro Xing,2013,PETROL,40000,,1st,265000
Honda Civic,2009,PETROL,56000,,1st,140000
Tata Indigo Ecs,2013,PETROL,55000,,1st,220000
Maruti Suzuki Wagon R 1.0,2009,PETROL,80000,,2nd,110000
Maruti Suzuki A-Star,2011,PETROL,46000,,2nd,185000
Tata Indigo Cs,2009,DIESEL,75000,,4th,100000
Honda City,2014,DIESEL,55000,,3rd,450000
Mahindra Bolero,2011,DIESEL,90000,,2nd,295000
Mahindra Xuv500,2016,DIESEL,52580,,1st,320000
Hyundai Accent,2011,PETROL,80000,,3rd,140000
Maruti Suzuki Alto,2010,PETROL,32000,,2nd,160000
Ford Figo Aspire,2016,DIESEL,71000,,1st,425000
Hyundai Others,2012,DIESEL,63400,,1st,325000
Toyota Innova,2013,DIESEL,130000,,2nd,685000
Maruti Suzuki Gypsy,1996,PETROL,50000,,First,150000
Hyundai Santro Xing,2006,CNG,70000,,Second,65000
Maruti Suzuki Swift Dzire,2012,DIESEL,125480,,3rd,255000
Datsun Redigo,2017,PETROL,32000,,2nd,220000
Mahindra Bolero Power Plus,2012,DIESEL,85000,,2nd,380000
Maruti Suzuki Eeco,2010,CNG & HYBRIDS,200000,,1st,110000
Maruti Suzuki Wagon R,2010,CNG & HYBRIDS,80000,,4+,140000
Ford Others,2009,DIESEL,66500,,2nd,95000
Ford Others,2001,DIESEL,100000,,2nd,250000
Audi A3,2015,DIESEL,28826,,2nd,2200000
Hyundai I10,2012,CNG & HYBRIDS,40200,,1st,250000
Renault Duster,2016,DIESEL,106000,,1st,700000
Chevrolet Tavera,2006,DIESEL,20,,3rd,180000
Ford Ecosport,2017,DIESEL,70000,,1st,850000
Mahindra Scorpio,2018,DIESEL,75000,,1st,950000
Maruti Suzuki Alto,2011,CNG & HYBRIDS,72452,,2nd,150000
Hyundai Grand I10,2017,PETROL,33319,,1st,429500
Honda Brio,2013,PETROL,94408,,--,290000
Hyundai I20,2014,DIESEL,104000,,First,380000
Toyota Innova,2010,DIESEL,140000,,Fourth,400000
Tata Indigo Ecs,2016,CNG & HYBRIDS,172000,,1st,120000
Maruti Suzuki Wagon R,2007,CNG & HYBRIDS,18,,2nd,70000
Maruti Suzuki Esteem,2005,LPG,46,,2nd,35000
Hyundai Grand I10,2018,PETROL,65000,,1st,465000
Honda Wr-V,2017,PETROL,18000,,1st,725000
Hyundai I10,2012,PETROL,38000,,1st,250000
Ford Figo,2011,PETROL,54000,,1st,225000
Hyundai I20,2010,PETROL,54000,,1st,265000
Hyundai I20,2010,PETROL,49000,,1st,285000
Ford Figo,2011,PETROL,54000,,1st,225000
Maruti Suzuki Vitara Brezza,2018,DIESEL,38000,,1st,825000
Mahindra Tuv 300,2016,DIESEL,96000,,1st,625000
Renault Kwid,2016,PETROL,12000,,1st,295000
Volkswagen Polo,2011,PETROL,57000,,1st,295000
Honda City,2011,CNG & HYBRIDS,60000,,1st,385000
Maruti Suzuki Zen Estilo,2014,PETROL,31000,,1st,300000
Maruti Suzuki Vitara Brezza,2019,DIESEL,59,,1st,828900
Mercedes-Benz Gls,2016,DIESEL,74000,,2nd,5475000
Maruti Suzuki Swift,2007,PETROL,93000,,Third,115000
Ford Ecosport,2014,DIESEL,90000,,Second,385000
Mahindra Tuv 300,2016,DIESEL,85000,,1st,615000
Maruti Suzuki Ritz,2011,DIESEL,77000,,1st,160000
Mahindra Bolero,2012,DIESEL,190000,,3rd,360000
Ford Fiesta,2014,DIESEL,119000,,1st,235000
Tata Others,2016,DIESEL,20,,1st,315000
Hyundai Grand I10,2014,DIESEL,115000,,1st,300000
Hyundai Grand I10,2013,DIESEL,85000,,2nd,280000
Tata Indica Vista,2010,DIESEL,80000,,1st,90000
Maruti Suzuki Swift Dzire,2018,DIESEL,78000,,1st,625000
Maruti Suzuki Swift Dzire,2017,DIESEL,50000,,1st,540000
Hyundai I10,2011,CNG & HYBRIDS,62000,,1st,210000
Chevrolet Aveo,2008,CNG & HYBRIDS,70000,,2nd,125000
Honda City,2014,DIESEL,69000,,1st,545000
Maruti Suzuki Swift,2016,DIESEL,84000,,2nd,420000
Eicher Polaris Others,1999,DIESEL,20000,,1st,175000
Kia Seltos,2019,PETROL,3548,,--,1455000
Maruti Suzuki Wagon R 1.0,2015,PETROL,56931,,--,340000
Maruti Suzuki Alto,2010,PETROL,62000,,1st,125000
Hyundai I20,2011,PETROL,33000,,Second,250000
Skoda Rapid,2015,DIESEL,10000,,First,500000
Maruti Suzuki 800,2004,PETROL,15,,2nd,49500
Maruti Suzuki Swift Dzire,2018,DIESEL,44000,,2nd,620000
Maruti Suzuki 800,2004,PETROL,45000,,1st,110000
Maruti Suzuki Swift,2009,DIESEL,132000,,3rd,160000
Maruti Suzuki Ritz,2012,DIESEL,60000,,2nd,250000
Hyundai I10,2009,CNG & HYBRIDS,90200,,3rd,115000
Mercedes-Benz R-Class,2013,DIESEL,69000,,3rd,1280000
Maruti Suzuki Wagon R,2015,CNG & HYBRIDS,103000,,3rd,280000
Honda City,2014,DIESEL,51000,,1st,525000
Toyota Innova,2013,DIESEL,111000,,1st,710000
Maruti Suzuki Ertiga,2015,CNG & HYBRIDS,84000,,1st,560000
Bmw 7 Series,2008,PETROL,59680,,1st,650000
Mahindra Xuv500,2013,DIESEL,121000,,2nd,550000
Chevrolet Aveo,2006,CNG & HYBRIDS,150000,,2nd,95000
Toyota Innova,2011,DIESEL,190000,,3rd,430000
Maruti Suzuki Swift,2014,DIESEL,65000,,1st,350000
Maruti Suzuki Wagon R,2008,CNG & HYBRIDS,78000,,4th,120000
Honda Jazz,2019,PETROL,33449,,--,657000
Maruti Suzuki Wagon R,2007,PETROL,105112,,First,80000
Honda Amaze,2019,PETROL,16000,,First,780000
Maruti Suzuki Eeco,2017,CNG & HYBRIDS,120000,,1st,250000
Mahindra Others,1999,DIESEL,2,,2nd,140000
Maruti Suzuki Swift,2014,DIESEL,62000,,4th,385000
Maruti Suzuki Wagon R,2006,LPG,84400,,1st,55000
Hyundai I10,2010,CNG & HYBRIDS,75000,,2nd,185000
Hyundai Verna,2011,DIESEL,400000,,3rd,400000
Mahindra Bolero Pik-Up,2017,DIESEL,110000,,1st,550000
Toyota Innova,2015,DIESEL,89000,,1st,650000
Maruti Suzuki Swift Dzire,2011,DIESEL,85000,,1st,325000
Volkswagen Polo,2013,DIESEL,72000,,1st,425000
Hyundai I20 Active,2018,PETROL,13400,,1st,700000
Maruti Suzuki Ertiga,2017,DIESEL,93500,,1st,670000
Chevrolet Beat,2016,DIESEL,94000,,2nd,95000
Chevrolet Captiva,2011,DIESEL,106000,,2nd,500000
Hyundai Santro Xing,2003,PETROL,75000,,1st,75000
Mahindra Thar,2015,DIESEL,54000,,3rd,485000
Maruti Suzuki Ritz,2015,DIESEL,65000,,1st,335000
Ford Ecosport,2016,DIESEL,51000,,1st,575000
Honda City Zx,2007,PETROL/COMPRESSED NATURAL GAS,85000,,Third,125000
Maruti Suzuki Swift Dzire,2013,DIESEL,181000,,First,325000
Maruti Suzuki Wagon R 1.0,2013,PETROL,26272,,1st,305000
Mahindra Others,2012,DIESEL,19,,1st,350000
Mahindra Scorpio,2013,DIESEL,61000,,2nd,620000
Skoda Rapid,2014,DIESEL,67420,,2nd,442000
Maruti Suzuki Vitara Brezza,2018,DIESEL,28500,,2nd,850000
Other Brands Others,2000,DIESEL,0,,1st,18000
Tata Others,2012,DIESEL,86000,,3rd,165000
Maruti Suzuki Swift,2011,PETROL,56000,,4+,240000
Hyundai I20,2014,DIESEL,66000,,1st,365000
Maruti Suzuki Omni,2018,CNG & HYBRIDS,69350,,2nd,235000
Volkswagen Polo,2014,DIESEL,93000,,2nd,230000
Maruti Suzuki Swift Dzire,2014,DIESEL,112000,,1st,390000
Mahindra Bolero,2018,DIESEL,55000,,1st,720000
Mahindra Xuv500,2012,DIESEL,68000,,2nd,525000
Volkswagen Polo,2013,PETROL,70000,,1st,300000
Maruti Suzuki Ignis,2017,PETROL,8025,,--,435000
Ford Ecosport,2017,DIESEL,46659,,--,608000
Ford Endeavour,2021,DIESEL,3500,,1st,3750000
Maruti Suzuki Alto,2008,PETROL,83000,,Second,80000
Honda City,2009,PETROL,108000,,Second,220000
Maruti Suzuki Vitara Brezza,2018,DIESEL,19000,,1st,725000
Tata Indica V2 Xeta,2006,PETROL,60000,,3rd,50000
Chevrolet Cruze,2011,DIESEL,800000,,4th,250000
Other Brands Others,2016,DIESEL,100000,,3rd,260000
Maruti Suzuki Wagon R,2019,CNG & HYBRIDS,41000,,1st,510000
Renault Kwid,2016,PETROL,24000,,2nd,225000
Maruti Suzuki Omni,2015,CNG & HYBRIDS,70000,,1st,160000
Maruti Suzuki Wagon R,2002,LPG,50000,,2nd,50000
Datsun Go,2017,CNG & HYBRIDS,117000,,2nd,190000
Maruti Suzuki Wagon R 1.0,2013,PETROL,32100,,2nd,275000
Renault Kwid,2017,PETROL,75000,,2nd,250000
Nissan Others,2015,PETROL,56000,,1st,198000
Hyundai Xcent,2021,CNG & HYBRIDS,1,,1st,70000
Other Brands Others,2016,DIESEL,1800,,1st,300000
Maruti Suzuki Swift,2019,PETROL,35,,1st,522300
Maruti Suzuki Vitara Brezza,2017,DIESEL,45000,,1st,700000
Bmw 3 Series,2015,DIESEL,32900,,2nd,1565000
Honda City Zx,2007,CNG,200000,,Second,115000
Maruti Suzuki Celerio,2016,PETROL,120000,,Second,320000
Maruti Suzuki 800,2002,PETROL,45000,,2nd,45000
Maruti Suzuki 800,2005,PETROL,39268,,2nd,35000
Maruti Suzuki Vitara Brezza,2016,DIESEL,66000,,3rd,625000
Maruti Suzuki Swift Dzire,2015,DIESEL,80000,,1st,420000
Mahindra Xuv500,2016,DIESEL,52380,,1st,320000
Maruti Suzuki Wagon R,2008,PETROL,90000,,2nd,75000
Mahindra Bolero Power Plus,2014,DIESEL,170000,,1st,325000
Mahindra Xuv500,2012,DIESEL,89000,,2nd,265000
Hyundai Eon,2013,PETROL,42000,,2nd,198000
Mahindra Xuv500,2012,DIESEL,110000,,3rd,530000
Maruti Suzuki Celerio,2019,CNG & HYBRIDS,101100,,1st,250000
Mahindra Others,2014,PETROL,15000,,1st,280000
Mercedes-Benz E-Class,2006,DIESEL,150000,,2nd,600000
Mahindra Bolero Power Plus,2012,DIESEL,90000,,2nd,260000
Mahindra Bolero Power Plus,2018,DIESEL,72300,,2nd,630000
Chevrolet Spark,2011,PETROL,54910,,--,150000
Hyundai Santro Xing,2009,PETROL,78000,,1st,115000
Hyundai Elite I20,2016,PETROL,62000,,2nd,435000
Maruti Suzuki Swift Dzire,2011,DIESEL,66000,,First,218000
Honda City,2011,PETROL,120000,,Second,370000
Skoda Kodiaq,2017,DIESEL,50000,,1st,2550000
Maruti Suzuki Swift,2010,DIESEL,135000,,3rd,220000
Renault Duster,2016,DIESEL,55648,,1st,525000
Toyota Yaris,2020,PETROL,45000,,1st,925000
Hyundai Santro Xing,2013,PETROL,40000,,1st,265000
Honda Civic,2009,PETROL,56000,,1st,140000
Tata Indigo Ecs,2013,PETROL,55000,,1st,220000
Maruti Suzuki Wagon R 1.0,2009,PETROL,80000,,2nd,110000
Mahindra Bolero,2018,DIESEL,27522,,1st,680000
Maruti Suzuki A-Star,2011,PETROL,46000,,2nd,185000
Tata Indigo Cs,2009,DIESEL,75000,,4th,100000
Honda City,2014,DIESEL,55000,,3rd,450000
Mahindra Bolero,2011,DIESEL,90000,,2nd,295000
Mahindra Xuv500,2016,DIESEL,52580,,1st,320000
Hyundai Accent,2011,PETROL,80000,,3rd,140000
Mahindra Bolero,2017,DIESEL,70852,,1st,675000
Hyundai Santro Xing,2007,PETROL,65000,,2nd,115000
Maruti Suzuki Ciaz,2017,DIESEL,56,,1st,659800
Mahindra Scorpio,2017,DIESEL,70000,,First,970000
Hyundai Accent,2012,CNG,90000,,Second,190000
Maruti Suzuki Alto,2010,PETROL,32000,,2nd,160000
Maruti Suzuki Wagon R,2009,LPG,20,,2nd,125000
Mahindra Xylo,2014,DIESEL,14,,4+,330000
Hyundai Grand I10,2014,DIESEL,55000,,2nd,285000
Maruti Suzuki Wagon R 1.0,2015,CNG & HYBRIDS,62000,,2nd,120000
Maruti Suzuki Swift Dzire,2018,PETROL,50000,,1st,649999
Mahindra Scorpio,2009,DIESEL,140000,,2nd,360000
Honda Accord,2009,CNG & HYBRIDS,110000,,2nd,285000
Tata Indigo Ecs,2014,DIESEL,98000,,2nd,170000
Hyundai Grand I10,2008,LPG,25,,3rd,90000
Hyundai Fluidic Verna,2011,DIESEL,95000,,1st,310000
Honda City Zx,2008,PETROL,95000,,1st,350000
Maruti Suzuki Omni,1999,CNG & HYBRIDS,12000,,4th,70000
Ford Ecosport,2017,DIESEL,40000,,2nd,600000
Maruti Suzuki Wagon R,2004,PETROL,0,,4+,70000
Land Rover Discovery Sport,2018,DIESEL,58000,,1st,4675000
Datsun Go Plus,2015,PETROL,55000,,1st,199000
Maruti Suzuki Alto K10,2011,PETROL,41,,1st,188400
Volkswagen Ameo,2016,DIESEL,103000,,Second,315000
Maruti Suzuki Ertiga,2014,DIESEL,120000,,Second,500000
Maruti Suzuki Wagon R,2014,CNG & HYBRIDS,65000,,1st,290000
Hyundai Verna,2011,DIESEL,85000,,2nd,365000
Hyundai I10,2009,PETROL,71000,,2nd,148000
Mahindra Scorpio,2009,DIESEL,140000,,2nd,360000
Maruti Suzuki Swift Dzire,2020,PETROL,11000,,1st,720000
Maruti Suzuki Vitara Brezza,2016,PETROL,60000,,1st,200000
Mahindra Logan,2014,DIESEL,23000,,1st,290000
Maruti Suzuki Alto K10,2015,PETROL,49000,,1st,208000
Mahindra Others,2013,DIESEL,18,,1st,70000
Hyundai Eon,2018,PETROL,25000,,1st,300000
Maruti Suzuki Ignis,2017,PETROL,120000,,1st,375000
Maruti Suzuki Ignis,2017,PETROL,120000,,1st,375000
Maruti Suzuki Zen,1999,PETROL,68000,,2nd,40000
Renault Kwid,2018,CNG & HYBRIDS,49900,,1st,235000
Maruti Suzuki Stingray,2015,CNG & HYBRIDS,90000,,1st,285000
Land Rover Range Rover Sport,2017,DIESEL,70314,,1st,8500000
Mahindra Others,2015,DIESEL,10000,,1st,175000
Mahindra Kuv 100,2017,PETROL,30500,,1st,330000
Mahindra Scorpio,2015,DIESEL,105000,,Third,695000
Maruti Suzuki Swift,2010,CNG,90000,,First,225000
Maruti Suzuki Alto,2010,PETROL,90368,,2nd,86000
Maruti Suzuki Omni,2013,LPG,77000,,2nd,110000
Hyundai I10,2009,PETROL,53000,,1st,135000
Mahindra Bolero Power Plus,2015,DIESEL,84,,2nd,520000
Tata Indigo Ecs,2013,DIESEL,107699,,2nd,160000
Hyundai Santro Xing,2007,CNG & HYBRIDS,85000,,2nd,55000
Tata H2x,2012,DIESEL,12,,2nd,110000
Mahindra Xylo,2012,DIESEL,120000,,4th,250000
Maruti Suzuki Wagon R 1.0,2019,PETROL,18,,1st,475000
Mahindra Xylo,2011,DIESEL,81000,,1st,250000
Mahindra Scorpio,2008,DIESEL,120000,,2nd,200000
Honda Others,2004,PETROL,85000,,2nd,65000
Tata Tigor Ev,2010,PETROL,60,,1st,20000
Nissan Micra,2011,PETROL,40000,,1st,185000
Mahindra Bolero,2016,DIESEL,42000,,2nd,550000
Maruti Suzuki Wagon R 1.0,2016,CNG & HYBRIDS,69000,,1st,320000
Mahindra Scorpio,2019,DIESEL,53500,,1st,1675000
Mahindra Quanto,2013,DIESEL,72231,,1st,320000
Maruti Suzuki S-Presso,2019,PETROL,1390,,First,400000
Maruti Suzuki Wagon R,2009,CNG,75000,,Third,110000
Chevrolet Tavera,2016,DIESEL,135000,,1st,450000
Maruti Suzuki Alto,2008,PETROL,85000,,4th,85000
Maruti Suzuki Eeco,2012,CNG & HYBRIDS,100000,,1st,152000
Mahindra Scorpio,2012,DIESEL,75000,,2nd,465000
Tata Nexon,2018,DIESEL,52000,,1st,650000
Bajaj Others,2017,DIESEL,15,,1st,90000
Mahindra Bolero,2013,DIESEL,120000,,1st,400000
Maruti Suzuki Wagon R,2008,CNG & HYBRIDS,60000,,2nd,60000
Hyundai Santro Xing,2006,CNG & HYBRIDS,100000,,4th,70000
Toyota Etios,2012,CNG & HYBRIDS,80000,,3rd,250000
Hyundai Grand I10,2013,DIESEL,70000,,1st,350000
Maruti Suzuki Swift Dzire,2018,DIESEL,85000,,1st,625000
Maruti Suzuki Celerio,2014,PETROL,47500,,1st,300000
Maruti Suzuki Swift Dzire,2012,DIESEL,65000,,1st,380000
Maruti Suzuki Baleno,2017,DIESEL,60000,,1st,540000
Mahindra Jeep,1992,DIESEL,84000,,1st,100000
Ford Ecosport,2017,DIESEL,123115,,--,720000
Maruti Suzuki Ciaz,2018,PETROL,65000,,1st,750000
Hyundai Accent,2010,CNG,75000,,Fourth,160000
Mercedes-Benz E-Class Cabriolet,2010,PETROL,40000,,Second,1300000
Maruti Suzuki Wagon R,2010,PETROL,88561,,3rd,150000
Chevrolet Beat,2013,DIESEL,150000,,2nd,180000
Maruti Suzuki Alto,2009,PETROL,72000,,1st,110000
Maruti Suzuki Wagon R,2007,PETROL,90000,,3rd,125000
Hyundai I10,2009,PETROL,72000,,2nd,155000
Hyundai Santro Xing,2007,PETROL,70000,,3rd,65000
Mahindra Bolero Pik-Up,2019,DIESEL,91500,,1st,650000
Maruti Suzuki Swift Dzire,2015,DIESEL,75000,,2nd,455000
Maruti Suzuki Swift,2017,PETROL,36000,,1st,450000
Tata Others,2016,DIESEL,100000,,2nd,210000
Hyundai Xcent,2017,DIESEL,76000,,1st,400000
Honda Amaze,2015,DIESEL,52000,,3rd,445000
Maruti Suzuki Zen,2003,PETROL,67500,,2nd,80000
Ford Ecosport,2015,DIESEL,82000,,1st,395000
Maruti Suzuki Vitara Brezza,2017,DIESEL,88698,,--,632000
Maruti Suzuki Ritz,2015,DIESEL,65000,,1st,335000
Mahindra Thar,2021,PETROL,17000,,1st,2000000
Toyota Etios,2012,PETROL,140000,,First,275000
Toyota Corolla Altis,2010,DIESEL,81300,,First,599000
Mahindra Scorpio,2012,DIESEL,78000,,4+,490000
Mahindra Willys,2020,DIESEL,3000,,1st,550000
Maruti Suzuki Alto,2008,LPG,90000,,3rd,73000
Mahindra Bolero Pik-Up,2010,DIESEL,193458,,1st,325000
Tata Harrier,2019,DIESEL,26000,,1st,1525000
Hyundai I10,2013,PETROL,79479,,2nd,280000
Maruti Suzuki Sx4,2013,DIESEL,68500,,1st,400000
Jeep Compass,2018,DIESEL,54000,,1st,1525000
Toyota Innova,2014,DIESEL,51600,,1st,824000
Chevrolet Beat,2013,DIESEL,150000,,2nd,180000
Maruti Suzuki Alto,2009,LPG,76000,,4th,125000
Mahindra Bolero,2012,DIESEL,92288,,1st,430000
Hyundai Grand I10,2016,DIESEL,50000,,2nd,300000
Mahindra Bolero,2013,DIESEL,850074,,2nd,400000
Maruti Suzuki Swift Dzire,2016,DIESEL,103000,,2nd,560000
Maruti Suzuki Wagon R 1.0,2016,PETROL,68000,,3rd,300000
Ford Ecosport,2015,PETROL,102599,,--,500000
Hyundai Verna,2018,PETROL,20424,,1st,880000
Toyota Innova,2015,DIESEL,200000,,First,600000
Hyundai I10,2012,CNG,70000,,Second,259000
Toyota Etios Liva,2012,PETROL,79000,,2nd,240000
Fiat Adventure,2015,DIESEL,60000,,1st,500000
Mahindra Others,2012,DIESEL,2000,,2nd,370000
Mahindra Scorpio,2013,DIESEL,110000,,1st,400000
Hyundai Eon,2013,PETROL,72000,,2nd,230000
Mahindra Bolero Power Plus,2019,DIESEL,31000,,1st,790000
Mahindra Scorpio,2011,DIESEL,137000,,3rd,380000
Mahindra Bolero Power Plus,2017,DIESEL,72000,,3rd,580000
Hyundai Accent,2006,PETROL,80000,,3rd,60000
Maruti Suzuki Swift Dzire,2014,DIESEL,95000,,4th,450000
Mahindra Supro,2018,DIESEL,15,,1st,350000
Maruti Suzuki Wagon R 1.0,2012,PETROL,47000,,1st,230000
Ford Ecosport,2015,DIESEL,90300,,1st,345000
Maruti Suzuki Vitara Brezza,2016,DIESEL,58000,,1st,660000
Maruti Suzuki Swift Dzire,2012,PETROL,73387,,--,345000
Mahindra Xuv500,2015,DIESEL,78500,,1st,775000
Hyundai Grand I10,2016,PETROL,21316,,--,353000
Maruti Suzuki Swift,2007,PETROL,120000,,First,135000
Mahindra Bolero,2012,DIESEL,90000,,Second,370000
Honda Brio,2015,PETROL,45200,,1st,295000
Renault Duster,2015,DIESEL,72500,,2nd,370000
Mahindra Tuv 300,2016,DIESEL,120000,,1st,625000
Renault Duster,2014,DIESEL,58000,,1st,350000
Mahindra Bolero,2018,DIESEL,20,,1st,700000
Hyundai Elite I20,2010,PETROL,130000,,2nd,150000
Maruti Suzuki Wagon R 1.0,2008,PETROL,60000,,1st,120000
Toyota Etios Liva,2012,DIESEL,66000,,1st,325000
Renault Duster,2014,DIESEL,64000,,1st,380000
Mahindra Bolero Pik-Up,2020,DIESEL,30000,,1st,790000
Maruti Suzuki Swift,2012,DIESEL,100000,,4th,250000
Honda Others,2010,PETROL,30000,,1st,26000
Maruti Suzuki Swift Dzire,2017,DIESEL,57000,,2nd,620000
Maruti Suzuki 800,2010,PETROL,50000,,2nd,80000
Hyundai Grand I10,2014,PETROL,48956,,1st,325000
Hyundai Others,2021,PETROL,1,,--,645703
Hyundai Fluidic Verna,2017,PETROL,25544,,--,694000
Hyundai I20,2016,PETROL,39000,,2nd,525000
Hyundai Fluidic Verna,2011,DIESEL,100050,,Third,320000
Maruti Suzuki Swift,2015,DIESEL,90000,,First,370000
Hyundai I20,2011,CNG & HYBRIDS,93000,,2nd,195000
Maruti Suzuki 800,2004,PETROL,85000,,2nd,35000
Hyundai I10,2009,PETROL,65000,,3rd,170000
Ford Figo,2012,DIESEL,75000,,2nd,300000
Mahindra Bolero,2017,DIESEL,72000,,1st,580000
Maruti Suzuki Swift Dzire,2014,DIESEL,122000,,4+,460000
Mahindra Bolero,2013,DIESEL,53900,,1st,140000
Renault Duster,2015,DIESEL,82000,,1st,580000
Tata Others,2015,DIESEL,86000,,2nd,350000
Hyundai I20,2017,PETROL,20786,,1st,155000
Hyundai Xcent,2016,DIESEL,113000,,2nd,330000
Mahindra Bolero,2010,DIESEL,120000,,3rd,290000
Maruti Suzuki Swift Dzire,2013,DIESEL,20,,2nd,340000
Other Brands Others,2008,CNG & HYBRIDS,22,,2nd,90000
Bmw 3 Series,2013,--,58000,,1st,1750000
Fiat Punto,2009,DIESEL,65000,,--,95000
Maruti Suzuki Ertiga,2017,DIESEL,24000,,1st,750000
Chevrolet Aveo U-Va,2010,CNG,87000,,Third,129000
Renault Scala,2013,DIESEL,68000,,Second,290000
Maruti Suzuki Sx4,2007,CNG & HYBRIDS,80000,,4th,180000
Maruti Suzuki Others,2016,DIESEL,20,,1st,450000
Maruti Suzuki Alto,2010,PETROL,69000,,2nd,116000
Mahindra Scorpio,2012,DIESEL,112000,,2nd,425000
Ford Ecosport,2017,DIESEL,60000,,1st,750000
Maruti Suzuki Zen,2003,PETROL,62000,,2nd,75000
Mahindra Xuv500,2013,DIESEL,99999,,4th,450000
Mahindra Xuv500,2013,DIESEL,74121,,1st,560000
Maruti Suzuki Ertiga,2018,CNG & HYBRIDS,28,,1st,670000
Ford Ecosport,2017,DIESEL,60000,,1st,750000
Hyundai Santro Xing,2006,PETROL,100000,,2nd,125000
Tata Tiago,2017,PETROL,22,,1st,380000
Honda City,2016,PETROL,88000,,4+,620000
Renault Kwid,2020,PETROL,10500,,1st,410000
Renault Duster,2013,DIESEL,75000,,1st,320000
Hyundai Elite I20,2018,PETROL,61,,1st,633800
Peugeot Others,2010,PETROL,91000,,1st,325000
Maruti Suzuki Wagon R,2006,PETROL,25000,,1st,125000
Mahindra Tuv 300,2018,DIESEL,32000,,1st,780000
Mahindra Bolero Pik-Up,2018,DIESEL,100000,,1st,650000
Maruti Suzuki Swift Dzire,2011,DIESEL,88000,,1st,250000
Maruti Suzuki Wagon R,2009,PETROL,65000,,2nd,160000
Toyota Innova,2015,DIESEL,50000,,1st,1300000
Tata Indigo Ecs,2012,DIESEL,95000,,3rd,160000
Toyota Corolla Altis,2009,PETROL,96000,,3rd,290000
Ford Figo,2013,DIESEL,74000,,2nd,250000
Hyundai Santro Xing,2006,CNG & HYBRIDS,128000,,4+,93000
Maruti Suzuki Swift,2010,CNG & HYBRIDS,155000,,2nd,165000
Maruti Suzuki Eeco,2010,LPG,56436,,--,195000
Mahindra Supro,2017,DIESEL,60000,,1st,349000
Maruti Suzuki Ertiga,2013,DIESEL,70000,,1st,460000
Honda City,2010,CNG & HYBRIDS,65000,,2nd,320000
Hyundai Santro Xing,2007,LPG,20,,4+,80000
Bmw 7 Series,2014,DIESEL,59500,,1st,2650000
Hyundai Creta,2015,DIESEL,67,,1st,802900
Hyundai Verna,2012,DIESEL,70000,,1st,335000
Mahindra Xylo,2012,DIESEL,96000,,1st,320000
Skoda Rapid,2014,DIESEL,46800,,1st,560000
Honda Civic,2008,PETROL,80000,,2nd,130000
Skoda Rapid,2012,DIESEL,67000,,1st,285000
Honda City,2010,PETROL,84000,,3rd,250000
Maruti Suzuki Swift,2016,DIESEL,61000,,2nd,590000
Toyota Innova,2010,DIESEL,165000,,3rd,450000
Hyundai Verna,2015,DIESEL,98085,,1st,575000
Hyundai Elite I20,2019,DIESEL,65000,,1st,700000
Maruti Suzuki Swift,2014,DIESEL,65000,,1st,425000
Hyundai I10,2010,CNG & HYBRIDS,100151,,2nd,150000
Maruti Suzuki 800,2002,PETROL,85000,,1st,60000
Renault Duster,2014,DIESEL,75000,,1st,415000
Ford Ecosport,2016,DIESEL,80000,,1st,595000
Ford Ecosport,2015,PETROL,102599,,--,500000
Audi A6,2014,DIESEL,40000,,2nd,1750000
Hyundai Fluidic Verna,2013,DIESEL,69000,,1st,445000
Toyota Glanza,2019,DIESEL,250000,,1st,20000
Maruti Suzuki Swift Dzire Tour,2015,DIESEL,80000,,2nd,315000
Maruti Suzuki Alto K10,2012,PETROL,19,,3rd,165000
Jeep Compass Trailhawk,1995,DIESEL,55000,,1st,255000
Ford Ecosport,2017,DIESEL,66000,,1st,669999
Maruti Suzuki Swift,2012,DIESEL,91000,,1st,360000
Hyundai Santro Xing,2009,PETROL,90000,,2nd,130000
Mahindra Thar,2015,DIESEL,50000,,1st,650000
Maruti Suzuki Celerio,2014,PETROL,56500,,2nd,270000
Maruti Suzuki Wagon R 1.0,2013,PETROL,52000,,2nd,300000
Hyundai Santro Xing,2009,CNG & HYBRIDS,111000,,4th,115000
Maruti Suzuki Baleno,2016,DIESEL,65858,,1st,525000
Maruti Suzuki S-Cross,2016,DIESEL,47858,,--,625000
Maruti Suzuki Wagon R,2012,PETROL,45252,,1st,225000
Maruti Suzuki Alto 800,2013,PETROL,38525,,1st,195000
Maruti Suzuki Baleno,2017,DIESEL,62850,,1st,625000
Bmw X1,2012,DIESEL,95000,,1st,850000
Toyota Innova Crysta,2018,DIESEL,92000,,1st,1550000
Mahindra Scorpio,2015,DIESEL,78000,,1st,825000
Tata Indica Ev2,2012,DIESEL,48523,,1st,125000
Honda Amaze,2014,DIESEL,47855,,1st,425000
Maruti Suzuki Swift,2014,DIESEL,51282,,2nd,435000
Ford Ecosport,2016,DIESEL,63000,,1st,585000
Honda Civic Hybrid,2008,CNG & HYBRIDS,100000,,4th,250000
Other Brands Others,2021,CNG & HYBRIDS,1500,,1st,99999
Honda City Zx,2005,CNG & HYBRIDS,75000,,4th,90000
Ford Figo,2013,DIESEL,22,,2nd,250000
Honda Civic,2009,PETROL,87000,,2nd,300000
Maruti Suzuki Ciaz,2016,DIESEL,48525,,1st,615000
Maruti Suzuki Wagon R 1.0,2012,CNG & HYBRIDS,45255,,1st,275000
Maruti Suzuki Eeco,2016,CNG & HYBRIDS,53000,,1st,315000
Tata Tiago,2017,DIESEL,58000,,1st,385000
Maruti Suzuki Vitara Brezza,2018,DIESEL,20000,,1st,775000
Mercedes-Benz M-Class,2014,DIESEL,76000,,2nd,1975000
Ford Ecosport,2015,DIESEL,82000,,1st,435000
Mahindra Scorpio,2013,DIESEL,66000,,1st,525000
Maruti Suzuki Ciaz,2016,DIESEL,64000,,2nd,550000
Hyundai Santro Xing,2006,PETROL,93800,,2nd,150000
Skoda Fabia,2012,DIESEL,82000,,2nd,275000
Maruti Suzuki Swift Dzire,2020,PETROL,12000,,1st,725000
Honda Mobilio,2014,DIESEL,72000,,2nd,550000
Maruti Suzuki Alto,2012,CNG & HYBRIDS,80000,,2nd,137000
Other Brands Others,1998,DIESEL,10,,1st,110000
Maruti Suzuki Swift Dzire,2009,DIESEL,22,,2nd,170000
Maruti Suzuki 800,2005,PETROL,63000,,1st,40000
Maruti Suzuki Swift Dzire,2017,DIESEL,68000,,1st,640000
Hyundai Eon,2019,PETROL,11990,,1st,380000
Tata Aria,2020,DIESEL,25,,1st,250000
Toyota Etios,2014,DIESEL,82128,,1st,420000
Hyundai Eon,2018,PETROL,29,,1st,310200
Maruti Suzuki Vitara Brezza,2018,DIESEL,49000,,1st,725000
Toyota Fortuner,2015,DIESEL,92000,,1st,1750000
Skoda Laura,2013,DIESEL,70000,,4+,325000
Mahindra Willys,2020,DIESEL,3000,,1st,550000
Mahindra Bolero Pik-Up,2017,DIESEL,67000,,1st,425000
Mahindra Scorpio,2021,DIESEL,4000,,1st,1950000
Maruti Suzuki Vitara Brezza,2016,DIESEL,75000,,2nd,635000
Chevrolet Beat,2016,CNG & HYBRIDS,70000,,1st,150000
Maruti Suzuki Ertiga,2014,DIESEL,109600,,1st,395000
Hyundai I10,2009,PETROL,26000,,2nd,160000
Mercedes-Benz E-Class,2013,DIESEL,62000,,3rd,1475000
Maruti Suzuki Wagon R,2007,PETROL,85000,,2nd,70000
Maruti Suzuki Swift Dzire,2012,DIESEL,8000,,2nd,320000
Tata Others,2015,DIESEL,64000,,2nd,240000
Tata Winger,2020,DIESEL,500,,1st,1250000
Maruti Suzuki Swift Dzire,2014,DIESEL,83000,,1st,440000
Hyundai Grand I10,2018,PETROL,25,,1st,480300
Maruti Suzuki Ignis,2018,PETROL,23000,,1st,525000
Mahindra Bolero,2016,DIESEL,78000,,2nd,630000
Renault Duster,2012,DIESEL,100000,,2nd,280000
Maruti Suzuki Vitara Brezza,2021,PETROL,7500,,1st,950000
Mahindra Willys,2020,DIESEL,3000,,1st,550000
Mitsubishi Pajero Sport,2012,DIESEL,112000,,1st,1050000
Maruti Suzuki Wagon R,2004,CNG & HYBRIDS,78000,,3rd,80000
Other Brands Others,2017,DIESEL,2000,,1st,133000
Bmw 7 Series,2011,DIESEL,80000,,3rd,1499000
Volkswagen Polo,2012,DIESEL,50000,,1st,335000
Toyota Innova Crysta,2016,DIESEL,127205,,1st,1425000
Maruti Suzuki Eeco,2019,LPG,19000,,1st,215000
Maruti Suzuki Swift,2021,PETROL,9000,,1st,675000
Ford Ecosport,2016,DIESEL,73200,,1st,520000
Ford Figo,2011,DIESEL,81000,,1st,220000
