Car Name,Year,Fuel,Car Driven,Transmission,Owner,price
Maruti Swift Dzire,2015,Petrol,2313,Manual,1st Owner,555000
Maruti Ertiga,2013,Petrol,8352,Manual,1st Owner,495000
Maruti Wagon R,2014,Petrol,8904,Manual,2nd Owner,308500
Maruti Alto 800,2018,Petrol,2013,Manual,1st Owner,350000
Ford Figo Aspire,2018,Petrol,1743,Manual,1st Owner,600000
Maruti Vitara Brezza,2018,Diesel,3431,Automatic,1st Owner,996500
Maruti Ritz,2015,Petrol,3239,Manual,1st Owner,422500
Maruti Wagon R,2016,Petrol,2391,Manual,1st Owner,381500
Maruti Celerio,2018,Petrol,2185,Automatic,1st Owner,558000
Maruti Celerio,2018,Petrol,2668,Automatic,1st Owner,551500
Maruti Wagon R,2014,Petrol,2818,Manual,1st Owner,383500
Hyundai Santro,2018,Petrol,2181,Manual,1st Owner,476000
Maruti Wagon R,2017,Petrol,2360,Automatic,1st Owner,475500
Maruti Swift Dzire,2017,Diesel,9545,Manual,1st Owner,643500
Hyundai Verna,2014,Diesel,8908,Automatic,1st Owner,571000
Hyundai Grand i10,2019,Petrol,3811,Manual,1st Owner,508500
Maruti Wagon R,2016,Petrol,1836,Automatic,1st Owner,444500
Honda Amaze,2019,Petrol,1799,Manual,2nd Owner,598000
Honda City,2014,Petrol,4169,Manual,1st Owner,621500
Honda City,2012,Petrol,3817,Manual,1st Owner,410000
Renault Triber,2020,Petrol,4953,Manual,1st Owner,762500
Maruti Swift Dzire,2017,Diesel,9545,Manual,1st Owner,643500
Hyundai Xcent,2015,Petrol,3356,Automatic,1st Owner,460500
Maruti Ciaz,2017,Petrol,2587,Automatic,1st Owner,843500
Hyundai i20,2018,Petrol,1790,Automatic,1st Owner,765500
Maruti Vitara Brezza,2017,Diesel,6071,Manual,1st Owner,837500
Renault Duster,2014,Diesel,4211,Manual,2nd Owner,471000
Honda Amaze,2018,Petrol,9618,Manual,1st Owner,606500
Maruti Wagon R,2015,Petrol,9329,Manual,1st Owner,377000
Hyundai Santro Xing,2009,Petrol,5416,Manual,2nd Owner,141000
Hyundai i20,2015,Diesel,1032,Manual,1st Owner,517000
Maruti Alto 800,2017,Petrol,9051,Manual,1st Owner,326500
Jeep Compass,2018,Diesel,2788,Manual,1st Owner,1471500
Maruti Celerio,2014,Petrol,2971,Manual,1st Owner,359000
Hyundai i20,2016,Petrol,6004,Manual,1st Owner,564000
Maruti Wagon R,2017,Petrol,2427,Manual,1st Owner,465000
Maruti Wagon R,2017,Petrol,3538,Automatic,1st Owner,430000
Hyundai i20,2015,Petrol,5355,Manual,2nd Owner,505000
Maruti Wagon R,2017,Petrol,5275,Manual,1st Owner,455500
Maruti Wagon R,2016,Petrol,3302,Manual,1st Owner,427000
Maruti Swift Dzire,2017,Diesel,5602,Automatic,1st Owner,733000
Maruti Swift Dzire,2012,Petrol,9034,Manual,1st Owner,363500
Maruti Celerio,2017,Petrol,6175,Automatic,1st Owner,460500
Hyundai Santro,2019,Petrol,3555,Manual,1st Owner,456496
Maruti Wagon R,2017,Petrol,4319,Manual,1st Owner,461000
Maruti Celerio,2015,Petrol,6008,Manual,1st Owner,393000
Toyota Glanza,2019,Petrol,1742,Automatic,1st Owner,795000
Maruti Swift Dzire,2018,Petrol,8949,Automatic,1st Owner,706500
Maruti Celerio,2015,Petrol,3381,Manual,1st Owner,429500
Maruti Celerio,2018,Petrol,3408,MH04,1st Owner,518000
Hyundai i20,2012,Diesel,6870,Manual,1st Owner,337366
Maruti Ignis,2017,Petrol,2958,Manual,1st Owner,540000
Maruti Ignis,2017,Petrol,4144,Manual,1st Owner,555855
Maruti Wagon R,2014,Petrol,9886,MH14,1st Owner,370572
Hyundai Grand i10,2016,Petrol,1529,Manual,1st Owner,467000
Maruti Celerio,2016,Petrol,3489,Automatic,1st Owner,477384
Maruti Ignis,2020,Petrol,8054,Manual,1st Owner,530500
Maruti Wagon R,2017,Petrol,3430,Manual,1st Owner,444000
Maruti Celerio,2017,Petrol,2492,Manual,1st Owner,439000
Maruti Celerio,2016,Petrol,2848,Automatic,1st Owner,470000
Hyundai i20,2016,Petrol,5914,Manual,1st Owner,551000
Maruti Wagon R,2017,Petrol,1782,Manual,1st Owner,439500
Maruti Wagon R,2017,Petrol,2305,Manual,1st Owner,430500
Maruti Wagon R,2014,Petrol,4063,Manual,1st Owner,379000
Maruti Celerio,2017,Petrol,2817,Manual,2nd Owner,400000
Maruti Wagon R,2018,Petrol,2719,Manual,1st Owner,455000
Renault KWID,2018,Petrol,5518,MH12,1st Owner,380992
Hyundai Santro,2019,Petrol,4521,Automatic,1st Owner,591500
Hyundai i20,2014,Petrol,6591,Manual,2nd Owner,475500
Maruti Celerio,2014,Petrol,2971,Manual,1st Owner,359000
Maruti Celerio,2015,Petrol,6257,Automatic,1st Owner,420000
Hyundai i20,2016,Petrol,6004,Manual,1st Owner,564000
Maruti Wagon R,2017,Petrol,2427,Manual,1st Owner,465000
Hyundai i20,2015,Petrol,5355,Manual,2nd Owner,505000
Maruti Wagon R,2017,Petrol,5275,Manual,1st Owner,455500
Hyundai i20,2014,Petrol,6591,Manual,2nd Owner,475500
Maruti Wagon R,2016,Petrol,3302,Manual,1st Owner,427000
Maruti Swift Dzire,2017,Diesel,5602,Automatic,1st Owner,733000
Maruti Celerio,2017,Petrol,6175,Automatic,1st Owner,460500
Maruti Swift Dzire,2016,Diesel,2449,MH01,1st Owner,704000
Maruti Wagon R,2014,Petrol,3015,Manual,1st Owner,361500
Maruti Wagon R,2017,Petrol,4319,Manual,1st Owner,461000
Hyundai Santro,2019,Petrol,2429,MH11,1st Owner,578000
Maruti Celerio,2015,Petrol,6008,Manual,1st Owner,393000
Toyota Glanza,2019,Petrol,1742,Automatic,1st Owner,795000
Maruti Wagon R,2014,Petrol,4792,Manual,1st Owner,353500
Maruti Swift Dzire,2018,Petrol,8949,Automatic,1st Owner,706500
Maruti Celerio,2015,Petrol,3381,Manual,1st Owner,429500
Maruti Swift Dzire,2017,Petrol,2671,Automatic,1st Owner,621000
Maruti Celerio,2014,Petrol,2971,Manual,1st Owner,359000
Maruti Celerio,2015,Petrol,6257,Automatic,1st Owner,420000
Hyundai i20,2016,Petrol,6004,Manual,1st Owner,564000
Maruti Wagon R,2017,Petrol,2427,Manual,1st Owner,465000
Hyundai i20,2015,Petrol,5355,Manual,2nd Owner,505000
Maruti Wagon R,2017,Petrol,5275,Manual,1st Owner,455500
Hyundai i20,2014,Petrol,6591,Manual,2nd Owner,475500
Maruti Wagon R,2016,Petrol,3302,Manual,1st Owner,427000
Maruti Swift Dzire,2017,Diesel,5602,Automatic,1st Owner,733000
Maruti Celerio,2017,Petrol,6175,Automatic,1st Owner,460500
Maruti Swift Dzire,2016,Diesel,2449,MH01,1st Owner,704000
Maruti Wagon R,2014,Petrol,3015,Manual,1st Owner,361500
Maruti Wagon R,2017,Petrol,4319,Manual,1st Owner,461000
Hyundai Santro,2019,Petrol,2429,MH11,1st Owner,578000
Maruti Celerio,2015,Petrol,6008,Manual,1st Owner,393000
Toyota Glanza,2019,Petrol,1742,Automatic,1st Owner,795000
Maruti Wagon R,2014,Petrol,4792,Manual,1st Owner,353500
Maruti Swift Dzire,2018,Petrol,8949,Automatic,1st Owner,706500
Maruti Celerio,2015,Petrol,3381,Manual,1st Owner,429500
Maruti Swift Dzire,2017,Petrol,2671,Automatic,1st Owner,621000
Maruti Swift Dzire,2017,Diesel,6760,Manual,1st Owner,698000
Maruti Celerio,2016,Petrol,4053,Automatic,1st Owner,439500
Maruti Wagon R,2014,Petrol,3015,Manual,1st Owner,361500
Volkswagen Ameo,2016,Petrol,4391,Manual,1st Owner,462813
Hyundai i20,2011,Petrol,8457,Manual,1st Owner,318000
Maruti Swift,2014,Diesel,7886,Manual,1st Owner,488000
Maruti Wagon R,2014,Petrol,4792,Manual,1st Owner,353500
Maruti Swift Dzire,2017,Petrol,2671,Automatic,1st Owner,621000
Maruti Wagon R,2018,Petrol,3138,Manual,1st Owner,439000
Maruti Swift,2013,Diesel,6609,Manual,1st Owner,438000
Maruti Wagon R,2017,Petrol,1365,Manual,1st Owner,451500
Honda Jazz,2015,Diesel,9510,Manual,1st Owner,598000
Maruti Wagon R,2012,Petrol,3502,Manual,1st Owner,385766
Maruti Wagon R,2015,Petrol,5249,Manual,1st Owner,369500
Maruti Wagon R,2014,Petrol,5282,Manual,2nd Owner,322500
Hyundai Grand i10,2013,Petrol,7602,Manual,1st Owner,386500
Hyundai Grand i10,2017,Petrol,5280,Manual,1st Owner,455000
Hyundai Verna,2019,Petrol,1074,Manual,1st Owner,937000
Maruti Wagon R,2013,Petrol,1887,Manual,1st Owner,328495
Honda Jazz,2016,Petrol,2176,Manual,1st Owner,543000
Hyundai Xcent,2019,Diesel,6286,Manual,1st Owner,613804
Honda Jazz,2017,Petrol,5551,Automatic,1st Owner,689067
Maruti S-Presso,2020,Petrol,8641,Automatic,1st Owner,496000
Maruti Swift,2017,Petrol,1188,Manual,1st Owner,473000
Maruti Wagon R,2017,Petrol,4110,Manual,1st Owner,426000
Maruti Wagon R,2014,Petrol,2778,Manual,1st Owner,353000
Maruti Wagon R,2015,Petrol,2437,Manual,1st Owner,380500
Maruti Celerio,2014,Petrol,3363,Automatic,1st Owner,396500
Maruti Wagon R,2016,Petrol,1888,Manual,1st Owner,371000
Maruti Swift Dzire,2016,Petrol,6045,Manual,1st Owner,572000
Maruti Wagon R,2016,Petrol,2972,Manual,1st Owner,386000
Maruti Wagon R,2016,Petrol,5781,Manual,1st Owner,390500
Maruti Wagon R,2016,Petrol,1179,Automatic,1st Owner,416000
Maruti Celerio,2018,Petrol,1520,Manual,2nd Owner,410500
Maruti Celerio,2014,Petrol,5689,Automatic,1st Owner,378000
Maruti Vitara Brezza,2016,Diesel,3920,Manual,1st Owner,767000
Maruti Wagon R,2017,Petrol,2692,Manual,1st Owner,436000
Maruti Wagon R,2013,Petrol,5505,Manual,1st Owner,346000
Honda Jazz,2017,Petrol,3032,Automatic,1st Owner,705500
Maruti Swift Dzire,2015,Petrol,3470,Manual,1st Owner,552500
Maruti Swift Dzire,2017,Petrol,1026,Manual,1st Owner,653000
Maruti Swift Dzire,2015,Petrol,3542,Manual,1st Owner,547000
Honda Jazz,2016,Petrol,7247,Manual,1st Owner,479000
Hyundai Verna,2015,Petrol,5100,Manual,2nd Owner,559500
Hyundai Grand i10,2014,Petrol,1078,Manual,2nd Owner,318500
Maruti Wagon R,2016,Petrol,5847,Manual,1st Owner,370000
Maruti Ignis,2017,Petrol,1348,Manual,1st Owner,559500
Maruti Wagon R,2014,Petrol,2873,Manual,1st Owner,363000
Renault KWID,2019,Petrol,1463,Automatic,1st Owner,475000
Volkswagen Polo,2014,Petrol,1185,Automatic,1st Owner,638000
Maruti Vitara Brezza,2016,Diesel,4218,Manual,1st Owner,830000
Hyundai Grand i10,2016,Petrol,2596,Automatic,2nd Owner,457500
Honda Jazz,2016,Petrol,1535,Manual,1st Owner,567000
Maruti Swift,2017,Diesel,5126,Manual,1st Owner,633000
Maruti Wagon R,2016,Petrol,1179,Automatic,1st Owner,416000
Maruti Celerio,2018,Petrol,1520,Manual,2nd Owner,410500
Maruti Celerio,2014,Petrol,5689,Automatic,1st Owner,378000
Maruti Vitara Brezza,2016,Diesel,3920,Manual,1st Owner,767000
Maruti Celerio,2017,Petrol,3713,Manual,2nd Owner,405500
Maruti Wagon R,2017,Petrol,2692,Manual,1st Owner,436000
Maruti Wagon R,2013,Petrol,5505,Manual,1st Owner,346000
Maruti Wagon R,2018,Petrol,2719,Manual,1st Owner,455000
Honda Jazz,2017,Petrol,3032,Automatic,1st Owner,705500
Maruti Swift Dzire,2015,Petrol,3470,Manual,1st Owner,552500
Renault KWID,2018,Petrol,5518,Manual,1st Owner,380992
Maruti Swift Dzire,2017,Petrol,1026,Manual,1st Owner,653000
Maruti Swift Dzire,2015,Petrol,3542,Manual,1st Owner,547000
Honda Jazz,2016,Petrol,7247,Manual,1st Owner,479000
Maruti Swift,2014,Petrol,7047,Manual,1st Owner,446500
Hyundai Verna,2015,Petrol,5100,Manual,2nd Owner,559500
Hyundai Grand i10,2014,Petrol,1078,Manual,2nd Owner,318500
Maruti Wagon R,2016,Petrol,5847,Manual,1st Owner,370000
Maruti Ignis,2017,Petrol,1348,Manual,1st Owner,559500
Maruti Wagon R,2014,Petrol,2873,Manual,1st Owner,363000
Hyundai Grand i10,2014,Petrol,3188,Manual,1st Owner,406500
Hyundai i20 Active,2017,Petrol,4711,Manual,1st Owner,576000
Maruti Celerio,2020,Petrol,1181,Manual,1st Owner,530000
Tata Tiago,2018,Petrol,1615,Automatic,1st Owner,567618
Maruti Swift,2016,Petrol,1534,Manual,1st Owner,493000
Maruti Swift Dzire,2015,Petrol,2660,Manual,2nd Owner,446000
Maruti Wagon R,2018,Petrol,1924,Manual,1st Owner,461000
Renault KWID,2020,Petrol,5027,Manual,1st Owner,437500
Maruti Swift,2013,Petrol,8319,Manual,1st Owner,388000
Maruti Wagon R,2016,Petrol,2497,Manual,1st Owner,370500
Maruti Wagon R,2013,Petrol,4169,Manual,1st Owner,290500
Maruti Wagon R,2019,Petrol,2332,Manual,1st Owner,578000
Maruti Wagon R,2015,Petrol,5361,Automatic,1st Owner,371000
Maruti Swift Dzire,2011,Petrol,6732,Manual,1st Owner,311500
Honda Jazz,2016,Diesel,4462,Manual,1st Owner,603000
Maruti Wagon R,2017,Petrol,2537,Automatic,1st Owner,433500
Maruti Swift,2014,Petrol,7047,Manual,1st Owner,446500
Hyundai Grand i10,2016,Petrol,4994,Manual,1st Owner,419000
Hyundai i20,2011,Petrol,5079,Manual,1st Owner,294500
Hyundai Santro,2019,Petrol,2429,MH11,1st Owner,578000
Maruti Swift,2016,Diesel,8975,Manual,1st Owner,535500
Maruti Swift,2018,Diesel,6752,Manual,1st Owner,620500
Maruti Baleno,2018,Petrol,2422,Automatic,2nd Owner,801500
Ford Figo Aspire,2017,Diesel,6451,Manual,1st Owner,567000
Toyota Corolla Altis,2009,Petrol,7973,Manual,2nd Owner,284000
Maruti Wagon R,2016,Petrol,1953,Automatic,1st Owner,402000
Maruti Swift Dzire,2017,Diesel,8848,Automatic,1st Owner,771500
Maruti Wagon R,2020,Petrol,4610,Manual,2nd Owner,591500
Maruti Swift Dzire,2016,Diesel,3661,Manual,1st Owner,703000
Maruti Vitara Brezza,2016,Diesel,4256,Manual,1st Owner,780000
Maruti Swift Dzire,2015,Diesel,7387,Manual,1st Owner,688024
Renault Duster,2015,Diesel,6117,Manual,1st Owner,540000
Maruti Baleno,2016,Petrol,4488,Manual,2nd Owner,547500
Ford Figo Aspire,2015,Petrol,3768,Manual,1st Owner,433000
Volkswagen Polo,2020,Petrol,3998,Manual,1st Owner,734500
Maruti Baleno,2017,Petrol,1026,Manual,1st Owner,560000
Maruti Swift Dzire,2011,Petrol,6732,Manual,1st Owner,311500
Honda Jazz,2016,Diesel,4462,Manual,1st Owner,603000
Maruti Wagon R,2017,Petrol,2537,Automatic,1st Owner,433500
Hyundai Grand i10,2016,Petrol,4994,Manual,1st Owner,419000
Hyundai i20,2011,Petrol,5079,Manual,1st Owner,294500
Maruti Swift,2016,Diesel,8975,Manual,1st Owner,535500
Maruti Swift,2018,Diesel,6752,Manual,1st Owner,620500
Renault KWID,2019,Petrol,1463,Automatic,1st Owner,475000
Maruti Baleno,2016,Petrol,4488,Manual,2nd Owner,547500
Hyundai Grand i10,2016,Petrol,2139,Automatic,2nd Owner,569152
Renault Duster,2015,Diesel,1147,Manual,1st Owner,553000
Hyundai Verna,2013,Diesel,1002,Automatic,1st Owner,535000
Hyundai Verna,2019,Petrol,1074,Manual,1st Owner,937000
Maruti Wagon R,2016,Petrol,1953,Automatic,1st Owner,402000
Maruti Celerio,2016,Petrol,3489,Automatic,1st Owner,477384
Maruti Swift Dzire,2015,Petrol,2660,Manual,2nd Owner,446000
Maruti Baleno,2017,Petrol,1026,Manual,1st Owner,560000
Maruti Wagon R,2020,Petrol,4610,Manual,2nd Owner,591500
Maruti Alto,2008,Petrol,4064,Manual,1st Owner,125500
Maruti Wagon R,2016,Petrol,2497,Manual,1st Owner,370500
Maruti Alto K10,2018,Petrol,1362,Manual,1st Owner,359500
Maruti Alto,2008,Petrol,4064,Manual,1st Owner,125500
Maruti Celerio,2017,CNG,9602,MH46,1st Owner,430500
Tata Tiago,2017,Petrol,7999,Automatic,1st Owner,496444
Maruti Baleno,2016,Petrol,2499,Manual,1st Owner,585000
Maruti Baleno,2018,Petrol,2526,Manual,2nd Owner,599000
Maruti Baleno,2015,Petrol,4360,Automatic,2nd Owner,569500
Hyundai i20,2017,Petrol,1602,Manual,1st Owner,663414
Honda Brio,2012,Petrol,3790,Manual,2nd Owner,240000
Hyundai i20 Active,2016,Petrol,4169,Manual,1st Owner,559000
Maruti Alto 800,2017,CNG,5468,Manual,1st Owner,314500
Maruti Alto 800,2018,CNG,3312,Manual,1st Owner,363000
Hyundai Verna,2018,Petrol,1519,Manual,1st Owner,927500
Hyundai i20 Active,2015,Petrol,7302,Manual,2nd Owner,480000
Maruti Baleno,2016,Petrol,5388,Manual,1st Owner,535500
Maruti Wagon R,2008,Petrol,5556,Manual,2nd Owner,162500
Maruti Baleno,2020,Petrol,4203,Manual,1st Owner,762000
Hyundai i10,2012,Petrol,4637,MH04,1st Owner,262500
Hyundai i10,2012,Petrol,3764,Manual,1st Owner,284500
Hyundai Verna,2018,Petrol,1519,Manual,1st Owner,927500
Maruti Vitara Brezza,2016,Diesel,4256,Manual,1st Owner,780000
Maruti Swift Dzire,2015,Diesel,7387,Manual,1st Owner,688024
Renault Duster,2015,Diesel,6117,Manual,1st Owner,540000
Ford Figo Aspire,2015,Petrol,3768,Manual,1st Owner,433000
Honda Brio,2012,Petrol,8743,Manual,1st Owner,293500
Maruti Swift Dzire,2017,Diesel,8848,Automatic,1st Owner,771500
Maruti Alto K10,2018,Petrol,1362,Manual,1st Owner,359500
Maruti Celerio,2017,CNG,9602,MH46,1st Owner,430500
Maruti Alto 800,2017,CNG,5468,Manual,1st Owner,314500
Maruti Swift Dzire,2016,Diesel,3661,Manual,1st Owner,703000
Maruti Baleno,2020,Petrol,4203,Manual,1st Owner,762000
Tata Tiago,2017,Petrol,7999,Automatic,1st Owner,496444
Maruti Baleno,2016,Petrol,2499,Manual,1st Owner,585000
Maruti Baleno,2015,Petrol,4360,Automatic,2nd Owner,569500
Maruti Baleno,2018,Petrol,2422,Automatic,2nd Owner,801500
Hyundai Verna,2012,Diesel,5252,Manual,1st Owner,450000
Hyundai i20,2017,Petrol,1602,Manual,1st Owner,663414
Volkswagen Polo,2020,Petrol,3998,Manual,1st Owner,734500
Honda Brio,2012,Petrol,3790,Manual,2nd Owner,240000
Renault Duster,2015,Diesel,1147,Manual,1st Owner,553000
Maruti Alto,2008,Petrol,4164,Manual,1st Owner,113000
Hyundai Venue,2019,Diesel,1287,Manual,2nd Owner,931011
Maruti Swift,2011,Petrol,4978,MH13,1st Owner,366000
Maruti Swift,2018,Petrol,4797,Automatic,1st Owner,727500
Hyundai i10,2013,Petrol,5330,Manual,1st Owner,314500
Mahindra XUV500,2012,Diesel,1088,Manual,1st Owner,530500
Hyundai Verna,2012,Diesel,5252,Manual,1st Owner,450000
Honda Brio,2012,Petrol,8743,Manual,1st Owner,293500
Hyundai Verna,2013,Diesel,1002,Automatic,1st Owner,535000
Hyundai i20,2010,Petrol,4863,Manual,3rd Owner,260000
Maruti Swift Dzire,2015,Petrol,3121,Manual,1st Owner,521000
Maruti Alto 800,2018,Petrol,2943,Manual,1st Owner,371000
Maruti Swift,2014,Diesel,8264,Manual,1st Owner,547690
Hyundai Verna,2013,Petrol,6003,Manual,1st Owner,441500
Hyundai Grand i10,2016,Petrol,2139,Automatic,2nd Owner,569152
Maruti Alto K10,2012,Petrol,4823,Manual,1st Owner,322197
Maruti Alto K10,2011,Petrol,3641,Manual,1st Owner,186500
Maruti Alto 800,2018,CNG,3312,Manual,1st Owner,363000
Hyundai i20 Active,2015,Petrol,7302,Manual,2nd Owner,480000
Maruti Baleno,2016,Petrol,5388,Manual,1st Owner,535500
Maruti Wagon R,2008,Petrol,5556,Manual,2nd Owner,162500
Hyundai i10,2012,Petrol,3764,Manual,1st Owner,284500
Maruti Alto K10,2012,Petrol,4823,Manual,1st Owner,322197
Maruti Alto,2008,Petrol,4164,Manual,1st Owner,113000
Hyundai Venue,2019,Diesel,1287,Manual,2nd Owner,931011
Maruti Baleno,2018,Petrol,3348,Automatic,1st Owner,719500
Maruti Swift Dzire,2015,Petrol,3121,Manual,1st Owner,521000
Hyundai i20 Active,2016,Petrol,4169,Manual,1st Owner,559000
Volkswagen Polo,2017,Petrol,3313,Manual,1st Owner,538672
Hyundai i10,2013,Petrol,5330,Manual,1st Owner,314500
Maruti Alto 800,2018,Petrol,2943,Manual,1st Owner,371000
Hyundai i10,2012,Petrol,4637,MH04,1st Owner,262500
Volkswagen Polo,2014,Petrol,1185,Automatic,1st Owner,638000
Hyundai i20,2010,Petrol,4863,Manual,3rd Owner,260000
Ford Figo,2011,Diesel,8731,Manual,1st Owner,211000
Maruti Alto 800,2016,Petrol,6753,Manual,1st Owner,287000
Maruti Swift,2014,Diesel,8264,Manual,1st Owner,547690
Ford Figo,2011,Diesel,8731,Manual,1st Owner,211000
Volkswagen Polo,2017,Petrol,3313,Manual,1st Owner,538672
Ford Ecosport,2016,Diesel,8434,Manual,1st Owner,695000
Maruti Alto 800,2016,Petrol,6753,Manual,1st Owner,287000
Hyundai i10,2013,Petrol,3684,Manual,1st Owner,308500
Hyundai Grand i10,2015,Petrol,6163,Manual,1st Owner,471000
Hyundai Grand i10,2015,Petrol,3168,Manual,1st Owner,430000
Renault KWID,2016,Petrol,3471,Manual,1st Owner,287000
Mahindra XUV500,2013,Diesel,8582,Manual,2nd Owner,549000
Maruti Ertiga,2015,Diesel,4487,MH03,1st Owner,675000
Maruti Swift Dzire,2017,Diesel,3410,Manual,1st Owner,783000
Mahindra KUV 100,2016,Petrol,2021,Manual,1st Owner,351500
Tata Nexon,2017,Diesel,8667,Manual,1st Owner,812500
Maruti Ciaz,2018,Petrol,1026,Manual,1st Owner,840000
Maruti Ertiga,2012,Diesel,1025,Manual,1st Owner,558000
Toyota Innova Crysta,2016,Diesel,7037,Manual,1st Owner,1740000
Honda Amaze,2015,Petrol,2970,Manual,1st Owner,445000
Maruti Ertiga,2017,Diesel,1689,Manual,1st Owner,820000
Mahindra XUV300,2020,Petrol,2302,Manual,1st Owner,900000
Maruti Swift,2019,Petrol,2264,Manual,1st Owner,628000
Maruti Ertiga,2015,Diesel,9803,Manual,1st Owner,729000
Maruti Swift,2017,Petrol,3641,Manual,1st Owner,635000
Maruti Ertiga,2015,CNG,3244,Manual,1st Owner,748000
Maruti Ertiga,2012,Diesel,3778,Manual,1st Owner,569500
Hyundai i20,2015,Petrol,4537,Manual,1st Owner,529500
Maruti Ertiga,2017,Diesel,8559,Manual,1st Owner,857139
Maruti Baleno,2018,Petrol,3348,Automatic,1st Owner,719500
Hyundai i20,2018,Petrol,3091,Manual,1st Owner,633000
Maruti Baleno,2016,Petrol,7850,Manual,1st Owner,506500
Maruti Baleno,2018,Petrol,2669,Automatic,1st Owner,726000
Hyundai Verna,2019,Petrol,8103,Manual,1st Owner,960500
Hyundai i20,2016,Petrol,5279,Manual,2nd Owner,564000
Volkswagen Polo,2015,Petrol,7112,Manual,1st Owner,389500
Hyundai i20,2018,Petrol,1462,Automatic,1st Owner,817044
Maruti Vitara Brezza,2016,Diesel,3189,Manual,1st Owner,862000
Maruti Celerio,2014,CNG,8386,Manual,1st Owner,368000
Hyundai i10,2016,Petrol,1742,Manual,1st Owner,455566
Maruti Wagon R,2016,CNG,4215,Manual,1st Owner,379500
Hyundai Santro Xing,2011,Petrol,4684,Manual,2nd Owner,178500
Maruti Vitara Brezza,2018,Diesel,4391,Automatic,1st Owner,985500
Volkswagen Vento,2013,Diesel,1252,Manual,2nd Owner,407000
Maruti Celerio X,2018,Petrol,1812,Automatic,1st Owner,551000
Renault KWID,2019,Petrol,1146,Manual,1st Owner,372500
Maruti Celerio,2016,Petrol,2296,Automatic,1st Owner,421000
Maruti Baleno,2018,Petrol,6013,Manual,1st Owner,546500
Maruti Celerio,2016,Petrol,1671,Automatic,1st Owner,465000
Maruti Wagon R,2016,Petrol,3585,Manual,1st Owner,360500
Maruti Vitara Brezza,2018,Diesel,2182,Automatic,1st Owner,1022500
Tata Nexon,2018,Diesel,1167,Manual,1st Owner,940500
Honda City,2011,Petrol,5959,Manual,1st Owner,319000
Honda City,2014,Petrol,3337,Manual,2nd Owner,644836
Honda City,2017,Diesel,5017,Manual,2nd Owner,796000
Maruti Ciaz,2017,Petrol,3664,Manual,1st Owner,652560
Hyundai Aura,2020,Petrol,1694,Manual,1st Owner,829000
Maruti Wagon R,2019,Petrol,1056,Manual,1st Owner,538000
Honda City,2011,Petrol,7005,Manual,2nd Owner,330000
Maruti Swift Dzire,2016,Diesel,3165,Manual,1st Owner,687000
Hyundai Grand i10,2015,Petrol,3884,Manual,1st Owner,400000
Hyundai i20,2015,Petrol,2786,Manual,1st Owner,519000
Maruti Baleno,2019,Petrol,1726,Manual,1st Owner,733000
Maruti Swift,2012,Petrol,2880,Manual,2nd Owner,311500
Honda City,2014,Petrol,3337,Manual,2nd Owner,644836
Honda City,2011,Petrol,7005,Manual,2nd Owner,330000
Hyundai i20,2015,Petrol,2786,Manual,1st Owner,519000
Maruti Baleno,2019,Petrol,1726,Manual,1st Owner,733000
Maruti Swift,2015,Petrol,4118,Manual,1st Owner,461000
Hyundai i20,2013,Petrol,4684,Manual,1st Owner,384000
Maruti Wagon R Stingray,2014,Petrol,4438,Manual,1st Owner,362500
Maruti Celerio,2017,Petrol,1489,Automatic,2nd Owner,585000
Maruti Swift,2012,Petrol,2880,Manual,2nd Owner,311500
Honda City,2014,Petrol,3337,Manual,2nd Owner,644836
Honda City,2011,Petrol,7005,Manual,2nd Owner,330000
Hyundai i20,2015,Petrol,2786,Manual,1st Owner,519000
Maruti Baleno,2019,Petrol,1726,Manual,1st Owner,733000
Maruti Swift,2015,Petrol,4118,Manual,1st Owner,461000
Hyundai i20,2013,Petrol,4684,Manual,1st Owner,384000
Maruti Wagon R Stingray,2014,Petrol,4438,Manual,1st Owner,362500
Maruti Celerio,2017,Petrol,1489,Automatic,2nd Owner,585000
Maruti Ciaz,2015,Diesel,1099,Manual,1st Owner,533500
Hyundai Grand i10,2016,Petrol,4994,Manual,1st Owner,419000
Renault KWID,2018,Petrol,1541,MH01,1st Owner,447500
Maruti Swift Dzire,2014,Diesel,5812,Manual,1st Owner,553500
Maruti Swift Dzire,2018,Petrol,2504,Manual,1st Owner,732500
Maruti Celerio,2015,Petrol,4429,Automatic,2nd Owner,439000
Maruti Swift Dzire,2011,Petrol,6732,Manual,1st Owner,311500
Maruti Ignis,2017,Petrol,3698,Manual,1st Owner,492500
Hyundai Verna,2012,Diesel,8529,Automatic,2nd Owner,451500
Toyota Glanza,2019,Petrol,1742,Automatic,1st Owner,794500
Maruti Baleno,2018,Petrol,1007,Manual,1st Owner,712500
Maruti Vitara Brezza,2019,Diesel,3116,MH29,2nd Owner,858000
Renault KWID,2016,Petrol,2068,Manual,1st Owner,318500
Honda Jazz,2016,Petrol,4174,Manual,2nd Owner,493000
Maruti Swift Dzire,2014,Petrol,4790,MH48,1st Owner,510500
Maruti Swift,2014,Petrol,5314,Manual,1st Owner,470000
Maruti Swift,2017,Diesel,8473,Manual,1st Owner,579000
Maruti Ritz,2011,Petrol,2099,Manual,1st Owner,228000
Tata Tiago,2018,Diesel,6934,MH04,1st Owner,522000
Honda Amaze,2014,Diesel,5236,Manual,1st Owner,393500
Maruti Swift Dzire,2017,Diesel,4635,Automatic,1st Owner,737500
Hyundai i20,2015,Petrol,5823,Manual,1st Owner,640500
Hyundai Venue,2019,Diesel,1287,Manual,2nd Owner,931500
Hyundai Verna,2016,Petrol,8421,Manual,1st Owner,690500
Hyundai Xcent,2015,Petrol,3356,Automatic,1st Owner,460500
Hyundai i20,2011,Petrol,5079,Manual,1st Owner,294500
Tata Tiago,2018,Petrol,1615,Automatic,1st Owner,567618
Hyundai i10,2011,Petrol,4707,Manual,1st Owner,249000
Honda Jazz,2015,Petrol,7947,Automatic,1st Owner,529500
Maruti Celerio,2017,Petrol,5534,MH47,1st Owner,419500
Volkswagen Ameo,2017,Diesel,2519,Automatic,1st Owner,641000
Volkswagen Vento,2016,Diesel,1129,Automatic,1st Owner,609000
Hyundai Creta,2018,Petrol,2520,Manual,1st Owner,1174000
Maruti Ertiga,2013,Diesel,7064,Manual,1st Owner,652000
Maruti Swift Dzire,2017,Diesel,4635,Automatic,1st Owner,737500
Hyundai i20,2015,Petrol,5823,Manual,1st Owner,640500
Hyundai Venue,2019,Diesel,1287,Manual,2nd Owner,931500
Hyundai Verna,2016,Petrol,8421,Manual,1st Owner,690500
Hyundai Xcent,2015,Petrol,3356,Automatic,1st Owner,460500
Hyundai i20,2011,Petrol,5079,Manual,1st Owner,294500
Tata Tiago,2018,Petrol,1615,Automatic,1st Owner,567618
Hyundai i10,2011,Petrol,4707,Manual,1st Owner,249000
Honda Jazz,2015,Petrol,7947,Automatic,1st Owner,529500
Maruti Celerio,2017,Petrol,5534,MH47,1st Owner,419500
Volkswagen Ameo,2017,Diesel,2519,Automatic,1st Owner,641000
Volkswagen Vento,2016,Diesel,1129,Automatic,1st Owner,609000
Hyundai Creta,2018,Petrol,2520,Manual,1st Owner,1174000
Maruti Ertiga,2013,Diesel,7064,Manual,1st Owner,652000
Maruti Ertiga,2015,Petrol,5254,Manual,2nd Owner,647500
Maruti Ignis,2018,Petrol,7714,Manual,2nd Owner,470000
Maruti Wagon R,2016,Petrol,2412,MH01,1st Owner,435000
Mahindra XUV500,2016,Diesel,1379,Automatic,2nd Owner,779000
Maruti Ertiga,2013,Diesel,5365,Manual,1st Owner,671500
Hyundai i20,2011,Petrol,5542,Manual,1st Owner,297000
Maruti Ertiga,2015,Petrol,5254,Manual,2nd Owner,647500
Maruti Ignis,2018,Petrol,7714,Manual,2nd Owner,470000
Maruti Wagon R,2016,Petrol,2412,MH01,1st Owner,435000
Mahindra XUV500,2016,Diesel,1379,Automatic,2nd Owner,779000
Maruti Ertiga,2013,Diesel,5365,Manual,1st Owner,671500
Hyundai i20,2011,Petrol,5542,Manual,1st Owner,297000
Maruti Wagon R,2015,Petrol,5497,Manual,1st Owner,374500
Renault Duster,2015,Diesel,1147,Manual,1st Owner,553000
Ford Figo,2015,Petrol,6157,Manual,1st Owner,428000
Hyundai i20,2015,Diesel,9058,Manual,2nd Owner,539000
Hyundai EON,2013,LPG,8490,MH43,1st Owner,185000
Renault Triber,2020,Petrol,4953,Manual,1st Owner,720500
Honda Amaze,2019,Petrol,1799,Manual,2nd Owner,598000
Honda City,2011,Petrol,7005,Manual,2nd Owner,330000
Maruti Swift Dzire,2017,Diesel,9545,Manual,1st Owner,643500
Honda City,2014,Petrol,4169,Manual,1st Owner,592000
Honda City,2012,Petrol,3817,Manual,1st Owner,372500
Maruti Celerio X,2019,Petrol,1007,MH04,1st Owner,562000
Hyundai i20,2013,Petrol,4684,Manual,1st Owner,384000
Hyundai i10,2013,Petrol,5187,Manual,1st Owner,319000
Tata Tigor,2018,Petrol,3470,MH48,1st Owner,567000
Hyundai i10,2013,Petrol,2621,Manual,1st Owner,314000
Renault Duster,2014,Diesel,4211,Manual,2nd Owner,471000
Jeep Compass,2018,Diesel,2788,Manual,1st Owner,1471500
Maruti Wagon R,2015,Petrol,9329,Manual,1st Owner,377000
Hyundai i10,2009,Petrol,1065,Manual,1st Owner,190500
Hyundai i20,2015,Diesel,1032,Manual,1st Owner,517000
Volkswagen Vento,2013,Diesel,7961,Manual,1st Owner,422500
Hyundai Santro Xing,2009,Petrol,5416,Manual,2nd Owner,141000
Renault Duster,2013,Diesel,5654,Manual,1st Owner,445000
Hyundai i20,2012,Petrol,2123,Manual,2nd Owner,340500
Maruti Wagon R,2017,Petrol,4110,Manual,1st Owner,426000
Maruti Ignis,2018,Petrol,1142,Manual,1st Owner,523000
Maruti Wagon R,2017,Petrol,2305,Manual,1st Owner,430500
Maruti Ignis,2017,Petrol,5829,Manual,1st Owner,459000
Hyundai i20,2016,Petrol,6004,Manual,1st Owner,564000
Hyundai i20,2014,Petrol,6591,Manual,2nd Owner,475500
Maruti Swift Dzire,2012,Petrol,9034,Manual,1st Owner,363500
Maruti Celerio,2017,Petrol,6175,Automatic,1st Owner,460500
Hyundai i20,2014,Diesel,8258,MH01,1st Owner,559000
Maruti Wagon R,2015,Petrol,5497,Manual,1st Owner,374500
Renault Duster,2015,Diesel,1147,Manual,1st Owner,553000
Ford Figo,2015,Petrol,6157,Manual,1st Owner,428000
Hyundai i20,2015,Diesel,9058,Manual,2nd Owner,539000
Hyundai EON,2013,LPG,8490,MH43,1st Owner,185000
Renault Triber,2020,Petrol,4953,Manual,1st Owner,720500
Honda Amaze,2019,Petrol,1799,Manual,2nd Owner,598000
Honda City,2011,Petrol,7005,Manual,2nd Owner,330000
Maruti Swift Dzire,2017,Diesel,9545,Manual,1st Owner,643500
Honda City,2014,Petrol,4169,Manual,1st Owner,592000
Honda City,2012,Petrol,3817,Manual,1st Owner,372500
Maruti Celerio X,2019,Petrol,1007,MH04,1st Owner,562000
Hyundai i20,2013,Petrol,4684,Manual,1st Owner,384000
Hyundai i10,2013,Petrol,5187,Manual,1st Owner,319000
Tata Tigor,2018,Petrol,3470,MH48,1st Owner,567000
Hyundai i10,2013,Petrol,2621,Manual,1st Owner,314000
Renault Duster,2014,Diesel,4211,Manual,2nd Owner,471000
Jeep Compass,2018,Diesel,2788,Manual,1st Owner,1471500
Maruti Wagon R,2015,Petrol,9329,Manual,1st Owner,377000
Hyundai i10,2009,Petrol,1065,Manual,1st Owner,190500
Maruti Celerio,2015,Petrol,3381,Manual,1st Owner,429500
Maruti Swift Dzire,2017,Petrol,2671,Automatic,1st Owner,621000
Maruti Wagon R,2017,Petrol,1365,MH01,1st Owner,451500
Hyundai Santro,2019,Petrol,4399,Manual,1st Owner,506000
Maruti Ignis,2017,Petrol,2544,Manual,1st Owner,503520
Maruti Ciaz,2017,Petrol,3664,Manual,1st Owner,652560
Maruti Ignis,2017,Petrol,1226,Automatic,1st Owner,611545
Maruti Wagon R,2015,Petrol,2437,Manual,1st Owner,380500
Maruti Wagon R,2016,Petrol,1888,Manual,1st Owner,371000
Maruti Swift Dzire,2018,Diesel,2020,Automatic,1st Owner,753000
Maruti Vitara Brezza,2016,Diesel,3920,Manual,1st Owner,767000
Maruti Celerio,2014,Petrol,2971,Manual,1st Owner,359000
Maruti Celerio,2017,Petrol,2817,Manual,2nd Owner,400000
Maruti Swift Dzire,2017,Diesel,5602,Automatic,1st Owner,733000
Maruti Celerio,2016,Petrol,4053,Automatic,1st Owner,439500
Maruti Swift Dzire,2016,Diesel,2449,MH01,1st Owner,704000
Volkswagen Ameo,2016,Petrol,4391,Manual,1st Owner,462813
Maruti Celerio,2015,Petrol,6008,Manual,1st Owner,393000
Hyundai i20,2011,Petrol,8457,Manual,1st Owner,318000
Maruti Wagon R,2014,Petrol,4792,Manual,1st Owner,353500
Maruti Swift Dzire,2018,Petrol,8949,Automatic,1st Owner,706500
Hyundai i20,2012,Diesel,6870,Manual,1st Owner,337366
Maruti Baleno,2016,Petrol,4488,Manual,2nd Owner,547500
Ford Figo Aspire,2015,Petrol,3768,Manual,1st Owner,433000
Maruti Ignis,2020,Petrol,8054,Manual,1st Owner,530500
Honda Jazz,2016,Petrol,2176,Manual,1st Owner,543000
Maruti S-Presso,2020,Petrol,8641,Automatic,1st Owner,496000
Maruti Celerio,2014,Petrol,3363,Automatic,1st Owner,396500
Hyundai i20,2016,Petrol,5914,Manual,1st Owner,551000
Tata Tiago,2016,Petrol,2335,Manual,1st Owner,419500
Maruti Wagon R,2017,Petrol,1782,Manual,1st Owner,439500
Maruti Wagon R,2015,Petrol,5361,Automatic,1st Owner,371000
Maruti Celerio,2015,Petrol,6257,Automatic,1st Owner,420000
Hyundai i20,2015,Petrol,3350,Manual,1st Owner,562500
Hyundai Verna,2018,Petrol,1519,Manual,1st Owner,927500
Maruti Wagon R,2018,Petrol,2719,Manual,1st Owner,455000
Hyundai i20,2014,Petrol,6589,Manual,1st Owner,556000
Hyundai i20,2015,Petrol,5355,Manual,2nd Owner,505000
Honda Jazz,2016,Petrol,7247,Manual,1st Owner,479000
Maruti Swift Dzire,2017,Diesel,6760,Manual,1st Owner,698000
Maruti S-Presso,2020,Petrol,8641,Automatic,1st Owner,496000
Maruti Celerio,2014,Petrol,3363,Automatic,1st Owner,396500
Hyundai i20,2016,Petrol,5914,Manual,1st Owner,551000
Tata Tiago,2016,Petrol,2335,Manual,1st Owner,419500
Maruti Wagon R,2017,Petrol,1782,Manual,1st Owner,439500
Maruti Wagon R,2015,Petrol,5361,Automatic,1st Owner,371000
Maruti Celerio,2015,Petrol,6257,Automatic,1st Owner,420000
Hyundai i20,2015,Petrol,3350,Manual,1st Owner,562500
Hyundai Verna,2018,Petrol,1519,Manual,1st Owner,927500
Maruti Wagon R,2018,Petrol,2719,Manual,1st Owner,455000
Hyundai i20,2014,Petrol,6589,Manual,1st Owner,556000
Hyundai i20,2015,Petrol,5355,Manual,2nd Owner,505000
Honda Jazz,2016,Petrol,7247,Manual,1st Owner,479000
Maruti Swift Dzire,2017,Diesel,6760,Manual,1st Owner,698000
Maruti Wagon R,2014,Petrol,2873,Manual,1st Owner,363000
Maruti Baleno,2018,Petrol,2526,Manual,2nd Owner,599000
Maruti Baleno,2015,Petrol,4360,Automatic,2nd Owner,569500
Maruti Vitara Brezza,2016,Diesel,4218,Manual,1st Owner,830000
Maruti Celerio,2018,Petrol,3408,MH04,1st Owner,518000
Maruti Swift,2013,Diesel,6609,MH01,1st Owner,438000
Maruti Wagon R,2014,Petrol,2873,Manual,1st Owner,363000
Maruti Baleno,2018,Petrol,2526,Manual,2nd Owner,599000
Maruti Baleno,2015,Petrol,4360,Automatic,2nd Owner,569500
Maruti Vitara Brezza,2016,Diesel,4218,Manual,1st Owner,830000
Maruti Celerio,2018,Petrol,3408,MH04,1st Owner,518000
Maruti Swift,2013,Diesel,6609,MH01,1st Owner,438000
Maruti Wagon R,2012,Petrol,3502,Manual,1st Owner,385766
Ford Figo Aspire,2017,Diesel,6451,Manual,1st Owner,567000
Maruti Ciaz,2018,Diesel,2897,Manual,1st Owner,800000
Maruti Wagon R,2018,Petrol,1924,Manual,1st Owner,461000
Maruti Swift,2013,Petrol,8319,Manual,1st Owner,388000
Maruti Swift Dzire,2016,Petrol,6045,Manual,1st Owner,572000
Maruti Wagon R,2016,Petrol,5781,Manual,1st Owner,390500
Maruti Swift Dzire,2016,Diesel,3165,Manual,1st Owner,687000
Maruti Celerio,2018,Petrol,1520,Manual,2nd Owner,410500
Maruti Celerio,2014,Petrol,5689,Automatic,1st Owner,378000
Maruti Wagon R,2017,Petrol,2692,Manual,1st Owner,436000
Maruti Celerio,2017,Petrol,3713,Manual,2nd Owner,405500
Maruti Swift Dzire,2015,Petrol,3470,Manual,1st Owner,552500
Maruti Swift Dzire,2017,Petrol,1026,MH02,1st Owner,653000
Maruti S-Presso,2020,Petrol,8641,Automatic,1st Owner,496000
Maruti Celerio,2014,Petrol,3363,Automatic,1st Owner,396500
Hyundai i20,2016,Petrol,5914,Manual,1st Owner,551000
Tata Tiago,2016,Petrol,2335,Manual,1st Owner,419500
Maruti Wagon R,2017,Petrol,1782,Manual,1st Owner,439500
Maruti Wagon R,2015,Petrol,5361,Automatic,1st Owner,371000
Maruti Celerio,2015,Petrol,6257,Automatic,1st Owner,420000
Hyundai i20,2015,Petrol,3350,Manual,1st Owner,562500
Hyundai Verna,2018,Petrol,1519,Manual,1st Owner,927500
Maruti Wagon R,2018,Petrol,2719,Manual,1st Owner,455000
Hyundai i20,2014,Petrol,6589,Manual,1st Owner,556000
Hyundai i20,2015,Petrol,5355,Manual,2nd Owner,505000
Honda Jazz,2016,Petrol,7247,Manual,1st Owner,479000
Maruti Swift Dzire,2017,Diesel,6760,Manual,1st Owner,698000
Maruti Wagon R,2014,Petrol,2873,Manual,1st Owner,363000
Maruti Baleno,2018,Petrol,2526,Manual,2nd Owner,599000
Maruti Baleno,2015,Petrol,4360,Automatic,2nd Owner,569500
Maruti Vitara Brezza,2016,Diesel,4218,Manual,1st Owner,830000
Maruti Celerio,2018,Petrol,3408,MH04,1st Owner,518000
Maruti Swift,2013,Diesel,6609,MH01,1st Owner,438000
Maruti S-Presso,2020,Petrol,8641,Automatic,1st Owner,496000
Maruti Celerio,2014,Petrol,3363,Automatic,1st Owner,396500
Hyundai i20,2016,Petrol,5914,Manual,1st Owner,551000
Tata Tiago,2016,Petrol,2335,Manual,1st Owner,419500
Maruti Wagon R,2017,Petrol,1782,Manual,1st Owner,439500
Maruti Wagon R,2015,Petrol,5361,Automatic,1st Owner,371000
Maruti Celerio,2015,Petrol,6257,Automatic,1st Owner,420000
Hyundai i20,2015,Petrol,3350,Manual,1st Owner,562500
Hyundai Verna,2018,Petrol,1519,Manual,1st Owner,927500
Maruti Wagon R,2018,Petrol,2719,Manual,1st Owner,455000
Hyundai i20,2014,Petrol,6589,Manual,1st Owner,556000
Hyundai i20,2015,Petrol,5355,Manual,2nd Owner,505000
Honda Jazz,2016,Petrol,7247,Manual,1st Owner,479000
Maruti Swift Dzire,2017,Diesel,6760,Manual,1st Owner,698000
Maruti Wagon R,2014,Petrol,2873,Manual,1st Owner,363000
Maruti Baleno,2018,Petrol,2526,Manual,2nd Owner,599000
Maruti Baleno,2015,Petrol,4360,Automatic,2nd Owner,569500
Maruti Vitara Brezza,2016,Diesel,4218,Manual,1st Owner,830000
Maruti Celerio,2018,Petrol,3408,MH04,1st Owner,518000
Maruti Swift,2013,Diesel,6609,MH01,1st Owner,438000
Maruti S-Presso,2020,Petrol,8641,Automatic,1st Owner,496000
Maruti Celerio,2014,Petrol,3363,Automatic,1st Owner,396500
Hyundai i20,2016,Petrol,5914,Manual,1st Owner,551000
Tata Tiago,2016,Petrol,2335,Manual,1st Owner,419500
Maruti Wagon R,2017,Petrol,1782,Manual,1st Owner,439500
Maruti Wagon R,2015,Petrol,5361,Automatic,1st Owner,371000
Maruti Celerio,2015,Petrol,6257,Automatic,1st Owner,420000
Hyundai i20,2015,Petrol,3350,Manual,1st Owner,562500
Hyundai Verna,2018,Petrol,1519,Manual,1st Owner,927500
Maruti Wagon R,2018,Petrol,2719,Manual,1st Owner,455000
Hyundai i20,2014,Petrol,6589,Manual,1st Owner,556000
Hyundai i20,2015,Petrol,5355,Manual,2nd Owner,505000
Honda Jazz,2016,Petrol,7247,Manual,1st Owner,479000
Maruti Swift Dzire,2017,Diesel,6760,Manual,1st Owner,698000
Maruti Wagon R,2014,Petrol,2873,Manual,1st Owner,363000
Maruti Baleno,2018,Petrol,2526,Manual,2nd Owner,599000
Maruti Baleno,2015,Petrol,4360,Automatic,2nd Owner,569500
Maruti Vitara Brezza,2016,Diesel,4218,Manual,1st Owner,830000
Maruti Celerio,2018,Petrol,3408,MH04,1st Owner,518000
Maruti Swift,2013,Diesel,6609,MH01,1st Owner,438000
Maruti S-Presso,2020,Petrol,8641,Automatic,1st Owner,496000
Maruti Celerio,2014,Petrol,3363,Automatic,1st Owner,396500
Hyundai i20,2016,Petrol,5914,Manual,1st Owner,551000
Tata Tiago,2016,Petrol,2335,Manual,1st Owner,419500
Maruti Wagon R,2017,Petrol,1782,Manual,1st Owner,439500
Maruti Wagon R,2015,Petrol,5361,Automatic,1st Owner,371000
Maruti Celerio,2015,Petrol,6257,Automatic,1st Owner,420000
Hyundai i20,2015,Petrol,3350,Manual,1st Owner,562500
Hyundai Verna,2018,Petrol,1519,Manual,1st Owner,927500
Maruti Wagon R,2018,Petrol,2719,Manual,1st Owner,455000
Hyundai i20,2014,Petrol,6589,Manual,1st Owner,556000
Hyundai i20,2015,Petrol,5355,Manual,2nd Owner,505000
Honda Jazz,2016,Petrol,7247,Manual,1st Owner,479000
Maruti Swift Dzire,2017,Diesel,6760,Manual,1st Owner,698000
Maruti Wagon R,2014,Petrol,2873,Manual,1st Owner,363000
Maruti Baleno,2018,Petrol,2526,Manual,2nd Owner,599000
Maruti Baleno,2015,Petrol,4360,Automatic,2nd Owner,569500
Maruti Vitara Brezza,2016,Diesel,4218,Manual,1st Owner,830000
Maruti Celerio,2018,Petrol,3408,MH04,1st Owner,518000
Maruti Swift,2013,Diesel,6609,MH01,1st Owner,438000
Maruti Wagon R,2012,Petrol,3502,Manual,1st Owner,385766
Ford Figo Aspire,2017,Diesel,6451,Manual,1st Owner,567000
Maruti Ciaz,2018,Diesel,2897,Manual,1st Owner,800000
Maruti Wagon R,2018,Petrol,1924,Manual,1st Owner,461000
Maruti Swift,2013,Petrol,8319,Manual,1st Owner,388000
Maruti Swift Dzire,2016,Petrol,6045,Manual,1st Owner,572000
Maruti Wagon R,2016,Petrol,5781,Manual,1st Owner,390500
Maruti Swift Dzire,2016,Diesel,3165,Manual,1st Owner,687000
Maruti Celerio,2018,Petrol,1520,Manual,2nd Owner,410500
Maruti Celerio,2014,Petrol,5689,Automatic,1st Owner,378000
Maruti Wagon R,2017,Petrol,2692,Manual,1st Owner,436000
Maruti Celerio,2017,Petrol,3713,Manual,2nd Owner,405500
Maruti Swift Dzire,2015,Petrol,3470,Manual,1st Owner,552500
Maruti Swift Dzire,2017,Petrol,1026,MH02,1st Owner,653000
Honda Jazz,2016,Diesel,4462,Manual,1st Owner,603000
Maruti Swift Dzire,2015,Petrol,3542,Manual,1st Owner,547000
Hyundai Grand i10,2014,Petrol,1078,Manual,2nd Owner,318500
Maruti Baleno,2020,Petrol,4203,Manual,1st Owner,762000
Maruti Swift,2014,Diesel,7886,Manual,1st Owner,488000
Honda Jazz,2016,Petrol,1535,Manual,1st Owner,567000
Honda Jazz,2016,Diesel,4462,Manual,1st Owner,603000
Maruti Swift Dzire,2015,Petrol,3542,Manual,1st Owner,547000
Hyundai Grand i10,2014,Petrol,1078,Manual,2nd Owner,318500
Maruti Baleno,2020,Petrol,4203,Manual,1st Owner,762000
Maruti Swift,2014,Diesel,7886,Manual,1st Owner,488000
Honda Jazz,2016,Petrol,1535,Manual,1st Owner,567000
Maruti Swift,2017,Diesel,5126,Manual,1st Owner,633000
Hyundai i10,2012,Petrol,3764,Manual,1st Owner,284500
Hyundai Grand i10,2014,Petrol,3188,Manual,1st Owner,406500
Maruti Wagon R,2015,Petrol,5249,Manual,1st Owner,369500
Hyundai i20 Active,2017,Petrol,4711,Manual,1st Owner,576000
Maruti Wagon R,2014,Petrol,5282,Manual,2nd Owner,322500
Hyundai Verna,2013,Diesel,1002,Automatic,1st Owner,535000
Hyundai Grand i10,2013,Petrol,7602,MH02,1st Owner,386500
Hyundai Grand i10,2017,Petrol,5280,Manual,1st Owner,455000
Hyundai Verna,2019,Petrol,1074,Manual,1st Owner,937000
Maruti Celerio,2020,Petrol,1181,Manual,1st Owner,530000
Maruti Wagon R,2016,Petrol,1953,Automatic,1st Owner,402000
Maruti Wagon R,2013,Petrol,1887,Manual,1st Owner,328495
Maruti Swift,2016,Petrol,1534,Manual,1st Owner,493000
Maruti Baleno,2017,Petrol,1026,Manual,1st Owner,560000
Maruti Wagon R,2014,Petrol,2778,Manual,1st Owner,353000
Maruti Celerio,2017,Petrol,2492,Manual,1st Owner,439000
Maruti Wagon R,2016,Petrol,1179,Automatic,1st Owner,416000
Maruti Wagon R,2019,Petrol,2332,Manual,1st Owner,578000
Maruti Wagon R,2017,Petrol,3538,Automatic,1st Owner,430000
Maruti Vitara Brezza,2016,Diesel,4256,Manual,1st Owner,780000
Maruti Wagon R,2017,Petrol,2537,Automatic,1st Owner,433500
Maruti Swift,2014,Petrol,7047,Manual,1st Owner,446500
Maruti Wagon R,2016,Petrol,5847,Manual,1st Owner,370000
Hyundai i10,2013,Petrol,5330,Manual,1st Owner,314500
Maruti Swift,2016,Diesel,8975,Manual,1st Owner,535500
Maruti Swift,2018,Diesel,6752,Manual,1st Owner,620500
Hyundai Grand i10,2016,Petrol,2596,Automatic,2nd Owner,457500
Hyundai i20,2015,Petrol,2786,Manual,1st Owner,519000
Maruti Swift Dzire,2015,Petrol,2660,Manual,2nd Owner,446000
Maruti Swift,2017,Petrol,1188,Manual,1st Owner,473000
Maruti Wagon R,2016,Petrol,2497,Manual,1st Owner,370500
Hyundai Verna,2015,Petrol,5100,Manual,2nd Owner,559500
Hyundai Verna,2012,Diesel,5252,Manual,1st Owner,450000
Hyundai Grand i10,2016,Petrol,1529,Manual,1st Owner,467000
Toyota Corolla Altis,2009,Petrol,7973,Manual,2nd Owner,284000
Maruti Swift,2015,Petrol,4118,Manual,1st Owner,461000
Hyundai i20,2018,Petrol,1462,Automatic,1st Owner,817044
Hyundai Aura,2020,Petrol,1694,Manual,1st Owner,829000
Maruti Wagon R,2013,Petrol,4169,Manual,1st Owner,290500
Hyundai i10,2013,Petrol,3684,Manual,1st Owner,308500
Maruti Alto,2008,Petrol,4064,Manual,1st Owner,125500
Maruti Celerio,2017,CNG,9602,MH46,1st Owner,430500
Maruti Swift Dzire,2015,Petrol,3121,Manual,1st Owner,521000
Maruti Alto 800,2017,CNG,5468,Manual,1st Owner,314500
Maruti Ertiga,2017,Diesel,1689,Manual,1st Owner,820000
Maruti Ciaz,2015,Petrol,7576,Manual,1st Owner,546000
Maruti Baleno,2016,Petrol,2499,Manual,1st Owner,585000
Maruti Ertiga,2015,Diesel,9803,Manual,1st Owner,729000
Hyundai i10,2012,Petrol,4637,MH04,1st Owner,262500
Hyundai Verna,2013,Petrol,6003,Manual,1st Owner,441500
Hyundai i20,2010,Petrol,4863,Manual,3rd Owner,260000
Hyundai i20,2017,Petrol,1602,Manual,1st Owner,663414
Maruti Alto,2008,Petrol,4164,Manual,1st Owner,113000
Maruti Alto K10,2011,Petrol,3641,Manual,1st Owner,186500
Maruti Ertiga,2012,Diesel,1025,Manual,1st Owner,558000
Renault Duster,2015,Diesel,6117,Manual,1st Owner,540000
Maruti Swift,2012,Petrol,2880,Manual,2nd Owner,311500
Hyundai Grand i10,2015,Petrol,3884,Manual,1st Owner,400000
Honda Brio,2012,Petrol,3790,Manual,2nd Owner,240000
Maruti Alto 800,2018,CNG,3312,Manual,1st Owner,363000
Honda Amaze,2015,Petrol,2970,Manual,1st Owner,445000
Ford Ecosport,2016,Diesel,8434,Manual,1st Owner,695000
Maruti Ertiga,2012,Diesel,3778,Manual,1st Owner,569500
Mahindra XUV500,2012,Diesel,1088,Manual,1st Owner,530500
Mahindra XUV500,2013,Diesel,8582,Manual,2nd Owner,549000
Volkswagen Polo,2015,Petrol,7112,Manual,1st Owner,389500
Honda City,2011,Petrol,5959,Manual,1st Owner,319000
Maruti Wagon R,2016,CNG,4215,Manual,1st Owner,379500
Maruti Ertiga,2013,Petrol,8352,Manual,1st Owner,495000
