Car Name,Year,Fuel,Car Driven,Transmission,Owner,price
Hyundai Elite I20,2016,DIESEL,49220,,1st,695000
Maruti Suzuki Swift Dzire,2020,PETROL,6000,,1st,820000
Volkswagen Polo,2010,PETROL,68190,,1st,360000
Maruti Suzuki Wagon R,2006,PETROL,98000,,Second,140000
Nissan Sunny,2011,PETROL,95000,,Second,337500
Chevrolet Beat,2012,PETROL,29251,,2nd,300000
Hyundai Grand I10,2014,PETROL,48952,,1st,580000
Toyota Innova,2013,DIESEL,147000,,1st,950000
Hyundai Verna,2013,DIESEL,71000,,1st,620000
Mercedes-Benz E-Class,2009,PETROL,70000,,1st,1025000
Hyundai Elite I20,2018,PETROL,41571,,1st,775000
Mahindra Bolero Pik-Up,2019,DIESEL,29122,,1st,675000
Hyundai Grand I10,2016,PETROL,35230,,1st,590000
Maruti Suzuki Baleno,2017,DIESEL,65000,,1st,720000
Maruti Suzuki Baleno,2017,DIESEL,65000,,1st,720000
Hyundai I10,2011,PETROL,43000,,2nd,375000
Maruti Suzuki Omni,2016,PETROL,59000,,1st,285000
Hyundai I10,2013,PETROL,55000,,1st,345000
Hyundai Elite I20,2015,DIESEL,41000,,1st,620000
Maruti Suzuki Wagon R,2015,PETROL,34800,,1st,480000
Maruti Suzuki Alto 800,2019,PETROL,82905,,1st,300000
Maruti Suzuki S-Cross,2018,DIESEL,53000,,1st,965000
Tata Indica Ev2,2016,DIESEL,90000,,2nd,145000
Skoda Rapid,2019,DIESEL,27800,,First,1400000
Tata Manza,2010,PETROL,43561,,Third,240000
Hyundai Elite I20,2016,DIESEL,106000,,1st,640000
Hyundai Getz Prime,2007,DIESEL,139000,,1st,180000
Skoda Fabia,2012,DIESEL,55000,,1st,295000
Volkswagen Vento,2013,DIESEL,90000,,1st,425000
Maruti Suzuki Wagon R Duo,2007,LPG,63000,,2nd,175000
Maruti Suzuki Omni,2016,PETROL,63000,,1st,225000
Maruti Suzuki Eeco,2019,PETROL,43000,,1st,450000
Hyundai Santro,2008,PETROL,72000,,1st,200000
Tata Nexon,2021,DIESEL,7000,,1st,1099000
Maruti Suzuki Swift Dzire,2015,PETROL,45000,,1st,570000
Volkswagen Vento,2012,DIESEL,65000,,1st,349999
Hyundai Creta,2016,DIESEL,62863,,1st,1150000
Maruti Suzuki Ertiga,2016,DIESEL,105000,,1st,699999
Toyota Innova,2016,DIESEL,98125,,2nd,1111111
Maruti Suzuki Ertiga,2013,DIESEL,106880,,1st,675000
Honda City,2014,PETROL,51870,,--,590000
Hyundai Eon,2016,PETROL,26955,,--,350000
Hyundai Grand I10,2017,PETROL,9600,,1st,600000
Maruti Suzuki Alto 800,2013,PETROL,15139,,Second,276000
Chevrolet Spark,2008,PETROL,72000,,Third,130000
Maruti Suzuki Swift Dzire Tour,2017,DIESEL,83000,,1st,465000
Ford Ecosport,2013,DIESEL,149551,,1st,550000
Volkswagen Vento,2015,DIESEL,97700,,1st,650000
Hyundai I10,2012,PETROL,76887,,1st,375000
Volvo Xc60,2014,DIESEL,67000,,1st,2199000
Toyota Innova,2012,DIESEL,165320,,1st,625000
Hyundai Santro Xing,2007,PETROL,76000,,1st,250000
Honda Brio,2016,PETROL,7575,,1st,475000
Maruti Suzuki Swift,2010,PETROL,84000,,1st,295000
Hyundai Verna,2011,PETROL,86000,,2nd,435000
Toyota Fortuner,2011,DIESEL,160000,,1st,1150000
Mahindra Tuv 300,2016,DIESEL,37000,,1st,799000
Hyundai Verna,2018,DIESEL,45000,,2nd,1050000
Hyundai I10,2011,PETROL,66475,,1st,425000
Maruti Suzuki Alto 800,2018,PETROL,27000,,1st,345000
Maruti Suzuki Ciaz,2018,PETROL,27664,,--,795000
Maruti Suzuki Alto K10,2015,PETROL,14790,,--,339000
Maruti Suzuki Swift Dzire,2014,DIESEL,135089,,1st,520000
Maruti Suzuki Ertiga,2013,DIESEL,97000,,1st,615000
Toyota Corolla Altis,2010,DIESEL,93000,,1st,450000
Maruti Suzuki Grand Vitara,2019,DIESEL,45000,,1st,1075000
Maruti Suzuki Vitara Brezza,2018,DIESEL,49000,,1st,1050000
Renault Duster,2012,DIESEL,107200,,1st,385000
Maruti Suzuki Swift Dzire,2018,PETROL,61000,,1st,725000
Hyundai Santro Xing,2010,PETROL,90733,,1st,245000
Hyundai I10,2008,PETROL,100000,,2nd,260000
Maruti Suzuki Wagon R,2009,PETROL,72352,,1st,220000
Honda City Zx,2006,PETROL,95000,,2nd,195000
Honda City,2003,PETROL,141000,,2nd,215000
Maruti Suzuki Alto,2009,PETROL,65000,,1st,158000
Tata Indigo,2012,DIESEL,130000,,2nd,135000
Hyundai Creta,2016,DIESEL,78386,,1st,1150000
Hyundai I10,2011,PETROL,75000,,1st,345000
Kia Seltos,2020,PETROL,5500,,1st,1900000
Ford Fiesta,2018,DIESEL,68000,,1st,480000
Honda City,2018,PETROL,36436,,--,897000
Maruti Suzuki Swift Dzire,2016,DIESEL,90000,,1st,630000
Volkswagen Vento,2014,DIESEL,74000,,1st,550000
Maruti Suzuki Swift,2017,DIESEL,85000,,1st,665000
Mitsubishi Pajero Sport,2014,DIESEL,125089,,1st,1210000
Hyundai Creta,2018,DIESEL,110681,,1st,1220000
Maruti Suzuki Swift,2007,PETROL,50000,,2nd,325000
Skoda Rapid,2014,DIESEL,120000,,--,435000
Toyota Corolla Altis,2015,PETROL,61245,,1st,1099000
Mitsubishi Pajero Sport,2013,DIESEL,115008,,1st,1110000
Hyundai I10,2009,PETROL,65900,,2nd,275000
Mahindra Scorpio,2006,DIESEL,170000,,2nd,320000
Fiat Grand Punto,2015,PETROL,48000,,1st,380000
Toyota Innova Crysta,2019,DIESEL,87000,,1st,2150000
Hyundai Santro Xing,2008,PETROL,70000,,1st,185000
Mercedes-Benz B Class,2014,DIESEL,125000,,2nd,1050000
Volkswagen Polo,2016,PETROL,61302,,--,585000
Tata Tiago,2019,PETROL,48000,,1st,470000
Honda Amaze,2014,DIESEL,70247,,--,440000
Hyundai I10,2012,PETROL,70000,,1st,325000
Toyota Corolla Altis,2010,DIESEL,93000,,1st,450000
Maruti Suzuki Ertiga,2014,DIESEL,89000,,1st,595000
Volkswagen Polo,2010,DIESEL,89000,,1st,295000
Hyundai I10,2012,PETROL,27000,,1st,325000
Chevrolet Cruze,2010,DIESEL,105000,,1st,450000
Maruti Suzuki Swift,2019,DIESEL,48000,,1st,699000
Maruti Suzuki Baleno,2020,PETROL,8042,,1st,750000
Toyota Fortuner,2017,DIESEL,100631,,1st,2950000
Datsun Go,2015,PETROL,49191,,1st,345000
Volkswagen Polo,2016,DIESEL,26605,,1st,610000
Mahindra Bolero,2010,DIESEL,106500,,1st,495000
Mahindra Bolero,2015,DIESEL,68000,,1st,570000
Skoda Rapid,2012,DIESEL,-110000,,1st,380000
Nissan Micra,2010,PETROL,80000,,1st,275000
Maruti Suzuki Swift,2016,PETROL,73613,,--,565000
Renault Kwid,2017,PETROL,44590,,--,340000
Maruti Suzuki Alto 800,2013,PETROL,46722,,--,285000
Maruti Suzuki Swift,2015,DIESEL,48000,,1st,590000
Volvo V40,2014,DIESEL,54670,,1st,1425000
Hyundai Verna,2018,DIESEL,69653,,1st,1075000
Toyota Fortuner,2012,DIESEL,189000,,2nd,1350000
Mahindra Marazzo,2019,DIESEL,85500,,1st,590000
Maruti Suzuki Swift Dzire,2015,DIESEL,68000,,1st,595000
Hyundai Grand I10,2015,PETROL,23327,,1st,475000
Toyota Innova Crysta,2018,DIESEL,62000,,1st,1840000
Volkswagen Vento,2013,DIESEL,99000,,1st,450000
Ford Aspire,2017,DIESEL,98000,,1st,560000
Maruti Suzuki Wagon R,2018,PETROL,22000,,1st,499000
Hyundai I10,2011,PETROL,75000,,1st,330000
Maruti Suzuki Alto K10,2011,PETROL,70000,,1st,250000
Tata Indica V2,2010,DIESEL,140000,,1st,70000
Maruti Suzuki Omni,2018,PETROL,9960,,1st,310000
Maruti Suzuki Swift,2008,PETROL,103369,,1st,320000
Volkswagen Vento,2011,DIESEL,84265,,1st,420000
Maruti Suzuki Vitara Brezza,2017,DIESEL,79201,,1st,875000
Toyota Innova Crysta,2018,DIESEL,93000,,1st,2190000
Hyundai Creta,2018,DIESEL,87000,,1st,1350000
Hyundai Verna,2018,DIESEL,75000,,1st,1175000
Audi A6,2012,DIESEL,88000,,1st,1650000
Audi Q3,2017,DIESEL,100000,,1st,2390000
Mercedes-Benz E-Class,2015,DIESEL,53000,,1st,2650000
Volkswagen Polo Gti,2018,PETROL,18000,,1st,950000
Maruti Suzuki Alto,2009,PETROL,70985,,1st,205000
Ford Endeavour,2019,DIESEL,26175,,1st,3650000
Hyundai I10,2009,PETROL,43416,,1st,265000
Volkswagen Polo,2013,PETROL,72000,,1st,565000
Tata Indica Ev2,2016,DIESEL,85000,,1st,150000
Hyundai I10,2012,PETROL,46000,,1st,365000
Honda Br-V,2017,DIESEL,91000,,1st,825000
Audi A6,2015,DIESEL,79000,,1st,2399000
Mahindra Scorpio,2009,DIESEL,101826,,2nd,425000
Maruti Suzuki Wagon R,2016,PETROL,60000,,1st,425000
Premier Padmini (1996),1996,DIESEL,228270,,2nd,250000
Audi Q3,2017,DIESEL,100000,,1st,2350000
Maruti Suzuki Vitara Brezza,2018,DIESEL,36000,,1st,1050000
Audi Q3,2017,DIESEL,100000,,1st,2390000
Renault Duster,2017,DIESEL,38000,,1st,990000
Honda City,2014,DIESEL,136000,,1st,595000
Maruti Suzuki Swift Dzire,2015,DIESEL,84000,,1st,590000
Hyundai I10,2008,PETROL,73000,,1st,285000
Toyota Innova,2009,DIESEL,149678,,1st,580000
Mahindra Bolero,2013,DIESEL,62432,,1st,525000
Maruti Suzuki Alto 800,2018,PETROL,70000,,1st,330000
Land Rover Freelander 2,2012,DIESEL,145000,,2nd,1040000
Maruti Suzuki Celerio,2017,DIESEL,98200,,2nd,350000
Land Rover Freelander 2,2011,DIESEL,143000,,1st,1050000
Maruti Suzuki S-Cross,2015,DIESEL,85540,,1st,745000
Volkswagen Polo,2018,PETROL,44413,,1st,799000
Maruti Suzuki Swift,2016,DIESEL,58106,,1st,640000
Maruti Suzuki Swift Dzire,2013,DIESEL,71974,,1st,550000
Maruti Suzuki Swift,2018,PETROL,39497,,--,691000
Tata Indica,2006,DIESEL,97000,,2nd,75000
Maruti Suzuki Zen Estilo,2007,PETROL,63000,,1st,160000
Maruti Suzuki Swift,2015,PETROL,58000,,1st,550000
Volvo Xc60,2011,DIESEL,90000,,1st,899000
Hyundai Fluidic Verna,2013,DIESEL,77007,,1st,550000
Volkswagen Vento,2013,DIESEL,62789,,1st,550000
Mahindra Others,2017,DIESEL,81000,,1st,160000
Maruti Suzuki Alto 800,2014,PETROL,60589,,1st,270000
Toyota Innova,2014,DIESEL,171797,,1st,1270000
Toyota Innova Crysta,2017,DIESEL,135000,,1st,1650000
Hyundai I20,2017,--,42000,,--,750000
Toyota Innova,2007,DIESEL,185000,,2nd,345000
Mahindra Quanto,2014,DIESEL,147000,,--,445000
Mercedes-Benz E-Class,2011,DIESEL,96000,,2nd,1345000
Renault Duster,2012,DIESEL,110000,,2nd,425000
Honda Accord,2007,PETROL,101000,,1st,445000
Ford Figo,2011,DIESEL,90000,,1st,225000
Renault Kwid,2018,PETROL,67000,,1st,435000
Honda Mobilio,2014,DIESEL,74250,,--,575000
Hyundai Creta,2015,DIESEL,96500,,--,875000
Hyundai Grand I10,2018,PETROL,11850,,1st,675000
Mahindra Tuv 300 Plus,2016,DIESEL,138000,,1st,625000
Hyundai I10,2009,PETROL,95300,,2nd,215000
Mahindra Bolero Power Plus,2018,DIESEL,40143,,1st,825000
Honda Amaze,2020,PETROL,1160,,1st,795000
Honda City Zx,2008,PETROL,76176,,1st,350000
Ford Figo Aspire,2016,PETROL,51000,,1st,475000
Tata Safari Storme,2015,DIESEL,16232,,1st,950000
Maruti Suzuki Swift Dzire Tour,2018,DIESEL,128000,,1st,495000
Bmw 5 Series,2013,DIESEL,85317,,1st,1999000
Bmw 5 Series,2013,--,71000,,--,1750000
Honda City,2009,PETROL,54000,,1st,345000
Volkswagen Polo,2011,DIESEL,135000,,--,299000
Hyundai I10,2016,PETROL,44546,,--,436000
Maruti Suzuki Swift,2005,PETROL,102455,,1st,210000
Maruti Suzuki Baleno,2017,DIESEL,84621,,1st,660000
Maruti Suzuki Swift,2008,DIESEL,57332,,1st,275000
Ford Figo,2016,PETROL,51608,,1st,470000
Hyundai I10,2011,PETROL,33259,,2nd,365000
Hyundai Santro Xing,2013,PETROL,50000,,1st,350000
Toyota Fortuner,2018,DIESEL,103000,,1st,2975000
Mahindra Xuv500,2020,DIESEL,13000,,1st,1925000
Honda Amaze,2019,DIESEL,20202,,2nd,899000
Hyundai I10,2010,PETROL,56371,,2nd,310000
Hyundai Elite I20,2018,DIESEL,71246,,1st,725000
Hyundai Santro Xing,2008,PETROL,80000,,1st,215000
Renault Duster,2017,DIESEL,37000,,1st,950000
Ford Fiesta,2011,PETROL,85000,,1st,275000
Hyundai I10,2011,PETROL,74000,,1st,335000
Hyundai I10,2011,PETROL,74000,,1st,335000
Toyota Innova Crysta,2019,DIESEL,23000,,1st,2090000
Hyundai Xcent,2015,PETROL,69000,,1st,498000
Hyundai Eon,2015,PETROL,24682,,1st,360000
Ford Fiesta,2009,DIESEL,108000,,1st,210000
Volkswagen Vento,2013,DIESEL,85000,,1st,490000
Maruti Suzuki Zen Estilo,2012,PETROL,54314,,1st,240000
Hyundai Santro Xing,2005,PETROL,83000,,1st,110000
Hyundai Verna,2007,DIESEL,76000,,1st,230000
Maruti Suzuki Wagon R,2009,PETROL,14000,,1st,270000
Mahindra Xylo,2017,DIESEL,89740,,1st,395000
Toyota Fortuner,2017,DIESEL,123000,,1st,3050000
Tata Indigo Cs,2011,DIESEL,101180,,2nd,230000
Volkswagen Vento,2011,DIESEL,75000,,1st,375000
Toyota Fortuner,2010,DIESEL,175000,,1st,1125000
Maruti Suzuki Swift Dzire Tour,2016,DIESEL,95000,,1st,390000
Hyundai Grand I10,2016,PETROL,54000,,1st,485000
Jaguar I-Pace,2018,DIESEL,37464,,1st,4650000
Tata Indica Vista,2008,DIESEL,70000,,2nd,125000
Hyundai I10,2011,PETROL,75000,,1st,325000
Volkswagen Vento,2015,DIESEL,73680,,--,694000
Mahindra Tuv 300,2015,DIESEL,72162,,1st,650000
Hyundai Xcent,2018,DIESEL,63059,,1st,450000
Maruti Suzuki Swift Dzire,2016,PETROL,51889,,1st,595000
Skoda Rapid,2014,DIESEL,67291,,1st,595000
Honda Amaze,2018,PETROL,47141,,1st,675000
Hyundai Verna,2018,DIESEL,33567,,1st,1175000
Toyota Fortuner,2013,DIESEL,260554,,1st,1450000
Hyundai Creta,2018,DIESEL,28169,,1st,1465000
Volkswagen Polo,2017,PETROL,71000,,1st,650000
Tata Tiago,2016,DIESEL,38000,,1st,575000
Ford Aspire,2017,DIESEL,49200,,1st,495000
Ford Ecosport,2018,DIESEL,60000,,1st,795000
Hyundai I20,2013,DIESEL,86000,,--,480000
Bmw X1,2012,DIESEL,115000,,2nd,1100000
Audi Q3,2014,DIESEL,99000,,2nd,1700000
Hyundai I10,2009,PETROL,72000,,--,295000
Toyota Innova Crysta,2019,DIESEL,48207,,1st,2365000
Volkswagen Polo,2012,PETROL,65357,,--,400000
Tata Tigor,2018,PETROL,45000,,1st,565000
Maruti Suzuki Baleno,2018,PETROL,20842,,1st,825000
Maruti Suzuki Alto,2012,PETROL,61000,,1st,240000
Maruti Suzuki Swift Dzire,2012,DIESEL,114000,,1st,460000
Maruti Suzuki Swift Dzire,2018,DIESEL,82123,,1st,845000
Maruti Suzuki Wagon R Duo,2008,PETROL,69000,,2nd,220000
Hyundai I20,2017,DIESEL,66000,,1st,625000
Skoda Rapid,2017,DIESEL,55000,,1st,785000
Maruti Suzuki Swift Dzire,2018,PETROL,15000,,1st,735000
Volkswagen Polo,2015,PETROL,76000,,1st,565000
Maruti Suzuki Swift,2008,PETROL,100000,,2nd,325000
Bmw X1,2011,DIESEL,88000,,1st,850000
Toyota Innova,2014,DIESEL,103305,,1st,895000
Honda Jazz,2014,DIESEL,72248,,1st,600000
Maruti Suzuki Celerio,2017,PETROL,53000,,1st,535000
Hyundai Verna,2018,PETROL,16000,,1st,975000
Toyota Innova,2011,DIESEL,210000,,2nd,490000
Honda City,2019,PETROL,21330,,--,1052000
Kia Seltos,2019,PETROL,10500,,1st,1800000
Maruti Suzuki Vitara Brezza,2018,DIESEL,23660,,--,935000
Chevrolet Captiva,2009,DIESEL,84000,,2nd,365000
Other Brands Others,2008,DIESEL,115000,,--,175000
Toyota Innova Crysta,2017,DIESEL,135000,,1st,1590000
Hyundai Grand I10,2014,PETROL,55000,,1st,535000
Ford Ecosport,2020,PETROL,2500,,1st,995000
Toyota Innova Crysta,2016,DIESEL,127000,,1st,1790000
Volkswagen Polo,2013,PETROL,71514,,1st,440000
Toyota Innova Crysta,2017,DIESEL,82000,,2nd,1650000
Toyota Innova,2013,DIESEL,125000,,2nd,999000
Hyundai Santro Xing,2007,PETROL,77000,,1st,230000
Mahindra Quanto,2013,DIESEL,41500,,--,345000
Tata Nano Genx,2015,PETROL,12000,,--,255000
Tata Indigo Xl,2008,DIESEL,95000,,--,122000
Ford Fusion,2009,DIESEL,95000,,--,165000
Maruti Suzuki 1000,1994,DIESEL,66000,,--,38000
Maruti Suzuki Baleno,2018,PETROL,11930,,--,750000
Nissan Micra,2010,DIESEL,88000,,1st,295000
Volkswagen Vento,2021,PETROL,3300,,1st,1495000
Mahindra Xylo,2015,DIESEL,160000,,1st,450000
Maruti Suzuki Swift Dzire Tour,2020,DIESEL,28000,,1st,720000
Hyundai Getz,2008,DIESEL,-65000,,1st,275000
Hyundai Verna,2008,DIESEL,80000,,1st,215000
Hyundai I10,2011,PETROL,75000,,1st,345000
Mahindra Xuv500,2018,DIESEL,107000,,1st,1325000
Audi A6,2015,DIESEL,67000,,1st,2650000
Jaguar Xf,2013,DIESEL,79000,,1st,2499000
Mahindra Bolero,2012,DIESEL,-96000,,--,435000
Hyundai Grand I 10,2014,PETROL,-51000,,--,475000
Skoda Laura,2010,DIESEL,80000,,2nd,490000
Tata Safari,2007,DIESEL,104000,,1st,350000
Hyundai Eon,2012,PETROL,83000,,1st,245000
Tata Indica Vista,2010,DIESEL,204150,,2nd,185000
Volkswagen Polo,2015,DIESEL,59000,,1st,600000
Audi A3,2015,DIESEL,54707,,1st,1900000
Honda Amaze,2018,PETROL,31764,,1st,725000
Maruti Suzuki Celerio,2016,DIESEL,85000,,1st,425000
Skoda Rapid,2016,DIESEL,90000,,1st,799000
Volvo S60,2012,DIESEL,90000,,2nd,1199000
Hyundai I20,2012,DIESEL,76000,,1st,315000
Maruti Suzuki Ritz,2016,DIESEL,68000,,1st,315000
Hyundai Verna,2018,DIESEL,32000,,1st,855000
Maruti Suzuki Baleno,2017,PETROL,38555,,--,529000
Maruti Suzuki Alto K10,2016,PETROL,42000,,1st,335000
Maruti Suzuki Wagon R,2014,PETROL,70000,,Second,255000
Honda City,2014,DIESEL,65000,,First,550000
Honda City,2010,PETROL,59000,,--,270000
Chevrolet Cruze,2010,DIESEL,46000,,--,325000
Maruti Suzuki Ritz,2015,DIESEL,55000,,1st,301000
Maruti Suzuki Ciaz,2018,PETROL,25000,,1st,775000
Hyundai I20,2009,PETROL,40000,,1st,210000
Honda City,2014,PETROL,60000,,1st,550000
Audi A6,2012,DIESEL,78000,,2nd,1175000
Mahindra Quanto,2013,DIESEL,87000,,1st,290000
Maruti Suzuki Wagon R,2008,CNG & HYBRIDS,79900,,--,118000
Maruti Suzuki Wagon R,2018,PETROL,34320,,1st,388000
Maruti Suzuki Swift,2016,PETROL,49312,,1st,435000
Hyundai I20,2011,PETROL,72320,,1st,240000
Honda City,2015,PETROL,63000,,1st,595000
Renault Kwid,2020,PETROL,7910,,1st,375000
Maruti Suzuki Ertiga,2017,DIESEL,42000,,1st,675000
Mahindra Scorpio,2016,DIESEL,31403,,--,1074000
Mahindra Xuv500,2013,DIESEL,62000,,1st,565000
Chevrolet Beat,2010,PETROL,70000,,Third,89000
Mahindra Xuv500,2019,DIESEL,21000,,1st,1595000
Hyundai Xcent,2017,PETROL,27000,,1st,435000
Honda City,2014,DIESEL,70000,,2nd,460000
Bmw X1,2017,DIESEL,48000,,2nd,2350000
Hyundai I20,2017,PETROL,35000,,1st,575000
Mahindra Xylo,2012,DIESEL,61000,,1st,295000
Maruti Suzuki Swift,2012,DIESEL,80000,,2nd,275000
Ford Endeavour,2017,DIESEL,44000,,1st,2500000
Hyundai I20,2015,PETROL,57000,,1st,485000
Ford Ecosport,2014,DIESEL,58000,,1st,435000
Mahindra Xuv500,2019,DIESEL,22000,,1st,1365000
Maruti Suzuki Celerio,2014,PETROL,46000,,1st,350000
Kia Sonet,2020,PETROL,7000,,1st,1375000
Maruti Suzuki Swift,2015,PETROL,36000,,1st,420000
Ford Ecosport,2013,PETROL,56000,,1st,440000
Land Rover Discovery Sport,2017,PETROL,12000,,1st,4200000
Toyota Corolla Altis,2008,PETROL,51000,,1st,210000
Maruti Suzuki 1000,2007,PETROL,50000,,First,120000
Maruti Suzuki Swift Dzire,2011,CNG,999999,,Second,220000
Maruti Suzuki Alto K10,2012,PETROL,48000,,1st,195000
Toyota Corolla Altis,2012,DIESEL,60000,,2nd,390000
Maruti Suzuki Swift Dzire,2012,DIESEL,48000,,1st,321000
Audi A6,2011,DIESEL,68000,,2nd,1195000
Ford Ecosport,2013,PETROL,59000,,2nd,435000
Mercedes-Benz E-Class,2013,DIESEL,72000,,2nd,1175000
Maruti Suzuki Ertiga,2015,PETROL,46000,,2nd,595000
Maruti Suzuki Celerio,2014,PETROL,42000,,1st,340000
Ford Endeavour,2012,DIESEL,65000,,2nd,599000
Hyundai Creta,2019,PETROL,23500,,1st,1375000
Toyota Etios Liva,2013,DIESEL,71000,,1st,330000
Maruti Suzuki Sx4,2009,PETROL,80000,,1st,210000
Hyundai I20,2011,PETROL,58000,,1st,275000
Jaguar Xj,2011,DIESEL,74000,,2nd,1775000
Maruti Suzuki Swift,2015,DIESEL,19200,,2nd,475000
Porsche Panamera,2015,DIESEL,5000,,--,6500000
Maruti Suzuki Alto K10,2013,PETROL,27256,,--,275000
Datsun Redi Go,2017,PETROL,18120,,--,223000
Toyota Etios Liva,2013,DIESEL,85000,,First,350000
Mahindra Quanto,2014,DIESEL,70000,,Second,210000
Maruti Suzuki Wagon R 1.0,2012,PETROL,52000,,1st,260000
Ford Ecosport,2014,PETROL,61000,,1st,500000
Hyundai Accent,2010,CNG & HYBRIDS,54000,,1st,170000
Volkswagen Vento,2011,PETROL,44000,,1st,220000
Maruti Suzuki Swift Dzire,2015,CNG & HYBRIDS,49000,,1st,390000
Honda City,2011,PETROL,52000,,1st,305000
Maruti Suzuki Ritz,2015,CNG & HYBRIDS,49000,,1st,305000
Hyundai Accent,2011,PETROL,44000,,1st,160000
Audi A4,2011,DIESEL,93098,,1st,750000
Hyundai I20,2013,PETROL,62000,,1st,305000
Volkswagen Vento,2015,DIESEL,44000,,2nd,495000
Audi A4,2013,DIESEL,68000,,2nd,1085000
Audi Q5,2014,DIESEL,31000,,1st,2150000
Hyundai I20,2010,CNG & HYBRIDS,54000,,1st,220000
Mercedes-Benz A Class,2013,DIESEL,89000,,1st,875000
Audi A8,2012,DIESEL,56000,,2nd,2065000
Maruti Suzuki Ciaz,2018,DIESEL,70000,,1st,825000
Renault Kwid,2017,PETROL,32363,,1st,299200
Hyundai I10,2012,PETROL,90000,,Second,190000
Hyundai I10,2012,CNG,90000,,Second,250000
Maruti Suzuki Eeco,2015,CNG & HYBRIDS,46000,,1st,265000
Honda City,2009,PETROL,65000,,2nd,245000
Tata Nano,2014,PETROL,19,,1st,98000
Hyundai Verna,2014,DIESEL,90000,,1st,450000
Maruti Suzuki Wagon R,2007,PETROL,80050,,1st,60000
Hyundai I10,2009,PETROL,58000,,1st,122000
Maruti Suzuki Vitara Brezza,2017,DIESEL,56000,,1st,635000
Mahindra Xuv500,2013,DIESEL,75000,,1st,540000
Maruti Suzuki Swift,2017,PETROL,38000,,1st,460000
Honda City,2011,PETROL,55000,,2nd,345000
Toyota Fortuner,2016,DIESEL,92000,,--,1675000
Mercedes-Benz M-Class,2013,DIESEL,71000,,1st,1950000
Hyundai Grand I10,2015,PETROL,54000,,1st,365000
Maruti Suzuki Swift,2013,DIESEL,65000,,1st,265000
Hyundai Creta,2016,PETROL,17000,,1st,970000
Skoda Octavia,2015,PETROL,67000,,1st,1149000
Maruti Suzuki Baleno,2016,PETROL,46000,,1st,525000
Maruti Suzuki Vitara Brezza,2016,DIESEL,28391,,--,769000
Maruti Suzuki Alto K10,2015,PETROL,59800,,Second,275000
Tata Vista,2012,DIESEL,120000,,First,120000
Maruti Suzuki Ciaz,2016,DIESEL,56000,,1st,590000
Maruti Suzuki Swift,2018,PETROL,45000,,1st,525000
Hyundai Grand I10,2017,PETROL,32000,,1st,460000
Honda City,2016,PETROL,72000,,1st,740000
Mitsubishi Pajero Sport,2015,DIESEL,50001,,2nd,1380000
Jeep Compass,2017,DIESEL,45000,,1st,1480000
Maruti Suzuki Swift Dzire,2014,DIESEL,50000,,1st,350000
Bmw X1,2012,DIESEL,64846,,1st,750000
Toyota Corolla Altis,2010,PETROL,56000,,--,300000
Hyundai I10,2013,PETROL,30000,,2nd,265000
Hyundai Verna,2014,DIESEL,58000,,1st,480000
Maruti Suzuki Swift Dzire,2015,DIESEL,65000,,1st,470000
Mahindra Bolero,2018,DIESEL,68000,,1st,725000
Maruti Suzuki Ritz,2013,PETROL,65000,,1st,275000
Honda Amaze,2018,PETROL,54000,,1st,625000
Hyundai Elite I20,2016,PETROL,52000,,1st,510000
Honda City,2008,PETROL,52000,,1st,210000
Honda City,2014,DIESEL,65000,,1st,520000
Maruti Suzuki Wagon R,2010,CNG,71000,,Second,155000
Maruti Suzuki Swift Dzire,2019,DIESEL,90000,,First,600000
Ford Mustang,2018,PETROL,28000,,1st,7000000
Honda Jazz,2015,PETROL,21000,,1st,550000
Maruti Suzuki Wagon R,2011,CNG & HYBRIDS,68000,,3rd,200000
Maruti Suzuki Ritz,2011,CNG & HYBRIDS,78000,,1st,218000
Maruti Suzuki Swift,2007,PETROL,63000,,2nd,99999
Toyota Innova,2012,DIESEL,55000,,2nd,690000
Renault Duster,2013,DIESEL,50000,,2nd,420000
Bmw 3 Series Gt,2017,DIESEL,30000,,1st,3100000
Hyundai I10,2013,CNG & HYBRIDS,66000,,1st,280000
Maruti Suzuki Swift Dzire,2018,PETROL,12000,,1st,650000
Land Rover Range Rover Sport,2012,DIESEL,58573,,2nd,2300000
Maruti Suzuki Wagon R,2015,CNG & HYBRIDS,126000,,2nd,250000
Hyundai Verna,2014,DIESEL,63500,,1st,455000
Maruti Suzuki Vitara Brezza,2018,DIESEL,26000,,1st,920000
Mahindra Thar,2018,DIESEL,11000,,2nd,890000
Hyundai Elantra,2013,DIESEL,70000,,2nd,525000
Ford Mustang,2017,PETROL,22000,,1st,7400000
Maruti Suzuki Baleno,2017,PETROL,52000,,1st,515000
Maruti Suzuki Swift,2011,CNG,72000,,First,179000
Maruti Suzuki Swift Dzire,2011,PETROL,75000,,Second,179000
Maruti Suzuki Baleno,2016,DIESEL,34000,,1st,610000
Maruti Suzuki Ritz,2016,PETROL,14000,,2nd,425000
Maruti Suzuki Swift Dzire,2016,CNG & HYBRIDS,70000,,2nd,430000
Mahindra Quanto,2012,DIESEL,39000,,1st,315000
Honda City,2018,PETROL,14500,,1st,1010000
Maruti Suzuki Vitara Brezza,2018,DIESEL,55000,,1st,750000
Honda Amaze,2016,PETROL,40000,,1st,510000
Hyundai I10,2009,PETROL,60000,,1st,175000
Hyundai Elite I20,2015,PETROL,53000,,--,550000
Maruti Suzuki Alto,2006,PETROL,52000,,--,95000
Maruti Suzuki Eeco,2011,CNG & HYBRIDS,67000,,2nd,175000
Chevrolet Spark,2007,PETROL,66000,,--,47000
Mahindra Xuv500,2013,DIESEL,75000,,1st,540000
Mercedes-Benz Gl-Class,2014,DIESEL,80000,,2nd,3175000
Maruti Suzuki Ertiga,2017,DIESEL,46000,,1st,740000
Mahindra Xuv500,2014,DIESEL,65000,,1st,650000
Ford Ecosport,2014,DIESEL,62000,,1st,445000
Maruti Suzuki Swift,2011,PETROL,35173,,--,290000
Hyundai Santro Xing,2007,PETROL,35000,,Second,100000
Hyundai I10,2009,PETROL,42500,,Second,140000
Hummer H3,2010,PETROL,65000,,2nd,6500000
Hyundai Santa Fe,2013,DIESEL,85000,,1st,475000
Toyota Fortuner,2015,DIESEL,101000,,1st,1620000
Maruti Suzuki Swift,2013,DIESEL,80000,,1st,360000
Honda City,2009,PETROL,63000,,3rd,220000
Maruti Suzuki Swift,2018,PETROL,38000,,1st,530000
Volkswagen Polo,2015,PETROL,61350,,1st,365000
Skoda Superb,2013,PETROL,42000,,3rd,449000
Hyundai Verna,2013,PETROL,68000,,3rd,379000
Toyota Land Cruiser,2019,DIESEL,23000,,1st,16200000
Datsun Go Plus,2016,PETROL,53241,,1st,280000
Mercedes-Benz Gla Class,2018,PETROL,18000,,1st,2850000
Mercedes-Benz Gle Class,2016,DIESEL,50000,,2nd,4200000
,2019,,20000,,,475000
Honda City,2015,PETROL,57900,,1st,575000
Maruti Suzuki Baleno,2015,PETROL,60000,,1st,525000
Hyundai Elantra,2013,PETROL,52000,,1st,520000
Ford Ecosport,2018,DIESEL,66600,,1st,818600
Maruti Suzuki Ertiga,2013,DIESEL,140000,,Second,400000
Honda City,2015,PETROL,57900,,1st,575000
Hyundai Creta,2019,DIESEL,41000,,1st,1295000
Audi Q7,2013,DIESEL,28000,,2nd,2375000
Maruti Suzuki Vitara Brezza,2017,DIESEL,46000,,1st,735000
Bmw 5 Series,2019,DIESEL,20000,,1st,5600000
Audi Q7,2016,DIESEL,120000,,1st,3825000
Bmw 3 Series Gt,2014,DIESEL,115000,,1st,1700000
Volvo Xc90,2017,DIESEL,112000,,1st,4100000
Bmw X5,2010,DIESEL,94500,,1st,1100000
Hyundai I20,2017,DIESEL,50000,,1st,610000
Ford Figo,2015,DIESEL,88000,,1st,370000
Hyundai I10,2010,CNG & HYBRIDS,63000,,2nd,190000
Maruti Suzuki Wagon R 1.0,2012,CNG & HYBRIDS,62000,,1st,235000
Hyundai I20,2010,PETROL,68000,,1st,245000
Maruti Suzuki Swift Dzire,2011,DIESEL,62000,,1st,275000
Hyundai Elite I20,2016,PETROL,40000,,1st,520000
Hyundai I10,2012,PETROL,56483,,--,230000
Mercedes-Benz Others,2010,PETROL,43000,,2nd,795000
Maruti Suzuki Alto K10,2012,PETROL,96000,,First,400000
Mahindra Xuv500,2012,DIESEL,70000,,First,469000
Maruti Suzuki Sx4,2012,CNG & HYBRIDS,65000,,3rd,235000
Maruti Suzuki Swift Dzire,2011,PETROL,53000,,2nd,245000
Maruti Suzuki Ertiga,2013,DIESEL,74000,,1st,449995
Maruti Suzuki Swift Dzire,2014,DIESEL,62000,,2nd,365000
Hyundai I10,2013,PETROL,58000,,1st,275000
Hyundai Grand I10,2016,PETROL,27000,,1st,425000
Hyundai Fluidic Verna,2011,DIESEL,62000,,2nd,355000
Maruti Suzuki Alto K10,2014,PETROL,26000,,1st,240000
Maruti Suzuki Eeco,2010,CNG & HYBRIDS,56000,,2nd,175000
Honda City Zx,2008,CNG & HYBRIDS,62000,,2nd,170000
Hyundai I10,2009,PETROL,53000,,2nd,185000
Hyundai I10,2009,PETROL,55000,,2nd,165000
Mahindra Bolero,2013,DIESEL,63000,,3rd,385000
Chevrolet Cruze,2012,DIESEL,63000,,3rd,375000
Maruti Suzuki Estilo,2010,PETROL,57000,,2nd,165000
Kia Carnival,2020,DIESEL,18000,,1st,3200000
Mercedes-Benz Slk-Class,2010,PETROL,45000,,3rd,1890000
Honda Amaze,2018,PETROL,32703,,1st,636300
Toyota Fortuner,2015,DIESEL,90000,,Second,1550000
Maruti Suzuki Alto 800,2013,PETROL,20000,,First,200000
Maruti Suzuki A-Star,2010,PETROL,58000,,2nd,175000
Honda Brio,2012,PETROL,55000,,1st,285000
Hyundai I20,2010,PETROL,54000,,2nd,240000
,2016,,37000,,,245000
Hyundai Creta,2020,PETROL,15000,,1st,1691000
Mercedes-Benz New C-Class,2020,PETROL,19000,,1st,4300000
Toyota Corolla Altis,2009,PETROL,72000,,1st,267000
Toyota Innova,2012,DIESEL,174000,,2nd,490000
Honda City,2017,PETROL,24000,,1st,925000
Kia Seltos,2021,PETROL,3000,,1st,1950000
Hyundai I10,2011,PETROL,54756,,1st,215000
Hyundai Grand I10,2017,DIESEL,63000,,1st,420000
Hyundai Creta,2017,DIESEL,26000,,1st,850000
Mahindra Xuv500,2013,DIESEL,62000,,1st,475000
Hyundai Santro Xing,2013,PETROL,64240,,1st,240000
Toyota Corolla Altis,2019,PETROL,35000,,2nd,1190000
Mahindra Scorpio,2012,DIESEL,72000,,1st,445000
Hyundai Grand I10,2015,PETROL,27000,,1st,420000
Maruti Suzuki Wagon R,2017,CNG,70000,,First,270000
Hyundai Xcent,2015,DIESEL,90000,,First,250000
Hyundai Creta,2017,PETROL,60000,,1st,980000
Hyundai I20,2011,PETROL,58000,,1st,275000
Hyundai I20,2013,PETROL,66000,,1st,350000
Hyundai I20,2010,PETROL,71000,,1st,250000
Maruti Suzuki Swift Dzire,2014,DIESEL,62000,,2nd,400000
Maruti Suzuki Ritz,2014,DIESEL,35000,,1st,380000
Toyota Fortuner,2015,DIESEL,110000,,1st,1675000
Hyundai Verna,2013,DIESEL,78000,,2nd,550000
Hyundai I10,2012,CNG & HYBRIDS,746000,,2nd,240000
Maruti Suzuki Alto,2009,PETROL,69325,,1st,110000
Hyundai Elite I20,2017,PETROL,35000,,1st,565000
Hyundai I20,2011,PETROL,60000,,1st,235000
Maruti Suzuki Wagon R 1.0,2011,PETROL,62000,,1st,192000
Honda Amaze,2018,PETROL,24000,,1st,600000
Mercedes-Benz E-Class,2014,DIESEL,40000,,1st,2150000
Ford Ecosport,2016,DIESEL,118569,,--,615000
Mini Cooper 3 Door,2020,PETROL,8200,,1st,3750000
Hyundai Eon,2012,PETROL,76761,,--,220000
Maruti Suzuki Wagon R,2009,CNG,140000,,Fourth,120000
Mahindra Xuv500,2014,DIESEL,40000,,Second,525000
Renault Triber,2019,PETROL,12000,,1st,599000
Honda City Zx,2008,CNG & HYBRIDS,98000,,2nd,165000
Honda City,2009,PETROL,65000,,2nd,245000
Maruti Suzuki Swift,2019,PETROL,12000,,1st,530000
Toyota Fortuner,2013,DIESEL,85000,,2nd,2000000
Ford Endeavour,2017,DIESEL,62000,,1st,2850000
Mercedes-Benz New C-Class,2013,DIESEL,50000,,2nd,1199999
Maruti Suzuki Ertiga,2014,PETROL,52000,,1st,550000
Hyundai I20,2014,DIESEL,63000,,1st,465000
Jeep Compass,2018,PETROL,37000,,2nd,1600000
Maruti Suzuki Eeco,2016,CNG & HYBRIDS,100000,,1st,250000
Volkswagen Jetta,2013,DIESEL,61000,,1st,535000
Maruti Suzuki Ertiga,2017,CNG & HYBRIDS,65000,,1st,675000
Hyundai I20,2017,PETROL,30000,,1st,595000
Maruti Suzuki Wagon R,2016,CNG & HYBRIDS,150000,,1st,250000
Toyota Innova Crysta,2017,DIESEL,29000,,1st,1375000
Tata Tigor,2017,DIESEL,60000,,1st,475000
Jaguar Xf,2014,DIESEL,60000,,1st,1975000
Tata Safari Storme,2013,DIESEL,52000,,First,460000
Honda City,2014,DIESEL,13,,First,450000
Mahindra Xuv500,2012,DIESEL,65585,,1st,475000
Hyundai I10,2012,CNG & HYBRIDS,70000,,2nd,240000
Maruti Suzuki Wagon R,2013,PETROL,65000,,1st,270000
Maruti Suzuki Vitara Brezza,2017,DIESEL,29000,,1st,698000
Volkswagen Polo,2013,PETROL,41000,,2nd,350000
Maruti Suzuki Alto,2010,PETROL,66000,,1st,150000
Ford Ecosport,2019,PETROL,5000,,1st,990000
Maruti Suzuki Baleno,2016,PETROL,14000,,1st,535000
Hyundai Creta,2015,DIESEL,59000,,1st,950000
Hyundai Elite I20,2017,PETROL,36000,,1st,639000
Mahindra Xuv500,2017,DIESEL,56700,,2nd,1050000
Datsun Go Plus,2015,PETROL,55704,,1st,265000
Hyundai I10,2013,PETROL,68000,,2nd,235000
Hyundai I10,2013,PETROL,52000,,1st,270000
Maruti Suzuki Swift,2017,DIESEL,48000,,1st,450000
Maruti Suzuki Swift,2017,DIESEL,48134,,1st,487200
Mercedes-Benz E-Class,2013,PETROL,59000,,3rd,1475000
Maruti Suzuki Ciaz,2015,PETROL,70000,,1st,631100
,2009,,88701,,,149400
Maruti Suzuki Sx4,2010,PETROL,85150,,Second,225000
Mahindra Xuv500,2015,DIESEL,81000,,1st,935000
Skoda Fabia,2012,PETROL,62000,,1st,245000
Honda City,2011,CNG & HYBRIDS,65000,,2nd,355000
Ford Ecosport,2015,DIESEL,30000,,1st,545000
Maruti Suzuki Wagon R,2009,PETROL,87000,,2nd,135000
Maruti Suzuki Vitara Brezza,2017,DIESEL,52000,,1st,730000
Toyota Fortuner,2013,DIESEL,115000,,2nd,1325000
Hyundai Elite I20,2015,PETROL,68000,,2nd,425000
Nissan Micra,2011,DIESEL,56000,,--,170000
Toyota Etios Liva,2018,PETROL,42000,,1st,485000
Maruti Suzuki Ritz,2010,PETROL,42000,,1st,210000
Honda Civic,2010,PETROL,68000,,2nd,310000
Maruti Suzuki Swift Dzire,2014,DIESEL,57000,,1st,390000
Land Rover Freelander 2,2011,DIESEL,141000,,1st,790000
Hyundai Elite I20,2016,PETROL,51369,,1st,495000
Honda Amaze,2016,PETROL,42000,,1st,450000
Mercedes-Benz S-Class,2016,PETROL,16900,,1st,6464000
Mahindra Xuv500,2013,DIESEL,78000,,1st,550000
Ford Ecosport,2015,PETROL,50000,,1st,475000
Maruti Suzuki Wagon R,2008,CNG & HYBRIDS,90000,,3rd,89999
Toyota Fortuner,2013,DIESEL,128000,,2nd,1275000
Ford Ecosport,2014,DIESEL,45000,,1st,475000
Maruti Suzuki Xl6,2020,PETROL,13000,,1st,1040000
Mahindra Xuv500,2013,DIESEL,75000,,1st,540000
Renault Duster,2014,DIESEL,59589,,1st,420000
Mercedes-Benz M-Class,2015,DIESEL,52500,,1st,2690000
Honda Jazz,2016,PETROL,43000,,1st,515000
Mahindra Quanto,2012,DIESEL,39000,,1st,350000
Maruti Suzuki Ciaz,2016,PETROL,55000,,1st,640000
Honda City,2019,PETROL,19000,,1st,1120000
Maruti Suzuki Zen Estilo,2012,PETROL,71081,,1st,180000
Hyundai I10,2011,PETROL,64000,,1st,235000
Ford Fiesta,2010,PETROL,41000,,1st,175000
Hyundai Grand I10,2015,PETROL,57650,,1st,355000
Maruti Suzuki Wagon R Duo,2015,CNG & HYBRIDS,41500,,1st,335000
Fiat Linea,2014,PETROL,39000,,1st,320000
Hyundai I10,2013,CNG & HYBRIDS,63000,,1st,258000
Hyundai Santro Xing,2008,PETROL,72000,,1st,120000
Hyundai I10,2013,CNG & HYBRIDS,61000,,2nd,270000
Maruti Suzuki Ertiga,2017,DIESEL,25000,,1st,699000
Hyundai I20,2013,PETROL,65000,,1st,375000
Ford Ecosport,2015,DIESEL,64000,,1st,530000
Mahindra Xuv500,2012,DIESEL,63856,,1st,465000
Mahindra Xuv500,2014,DIESEL,64000,,1st,599000
Audi Q7,2015,DIESEL,72000,,2nd,2500000
Jaguar Xj,2012,DIESEL,44600,,1st,1990000
Maruti Suzuki Grand Vitara,2016,DIESEL,35000,,1st,650000
Hyundai Santro Xing,2008,CNG & HYBRIDS,70600,,1st,120000
Maruti Suzuki Swift Dzire,2011,PETROL,74000,,1st,180000
Maruti Suzuki Celerio,2018,CNG & HYBRIDS,90000,,1st,350000
Chevrolet Beat,2012,DIESEL,70260,,1st,145000
Porsche Macan,2015,DIESEL,55000,,1st,4200000
Maruti Suzuki Ciaz,2016,DIESEL,59000,,1st,670000
Hyundai Grand I10,2015,PETROL,52806,,1st,444200
Maruti Suzuki Wagon R,2010,CNG & HYBRIDS,60000,,2nd,159000
Renault Duster,2014,DIESEL,84000,,1st,400000
Maruti Suzuki Vitara Brezza,2019,DIESEL,30000,,2nd,865000
Maruti Suzuki Swift,2015,DIESEL,30000,,--,425000
Toyota Innova Crysta,2016,DIESEL,60000,,1st,1425000
Toyota Innova Crysta,2017,DIESEL,22000,,1st,1735000
Hyundai I20,2014,PETROL,30000,,1st,395000
Mercedes-Benz A Class,2013,DIESEL,80000,,1st,990000
Hyundai Creta,2016,PETROL,65000,,1st,750000
Nissan Terrano,2014,DIESEL,72000,,2nd,400000
Mahindra Xuv500,2018,DIESEL,38000,,2nd,1500000
Mitsubishi Pajero Sport,2014,DIESEL,126985,,1st,1190000
Maruti Suzuki Swift Dzire,2012,PETROL,14856,,1st,337000
Ford Ecosport,2013,DIESEL,73000,,1st,421000
Mercedes-Benz New C-Class,2013,DIESEL,61000,,2nd,1325000
Ford Ecosport,2016,DIESEL,49500,,2nd,595000
Hyundai Elite I20,2017,PETROL,45000,,1st,610000
Ford Figo,2016,PETROL,52000,,2nd,365000
Hyundai I10,2010,PETROL,46000,,1st,165000
Honda Amaze,2016,PETROL,64000,,2nd,455000
Hyundai I20,2014,PETROL,64000,,2nd,378000
Maruti Suzuki Wagon R,2010,PETROL,25400,,2nd,185000
Hyundai Grand I10,2014,DIESEL,73277,,2nd,325000
Volkswagen Polo,2014,DIESEL,67201,,1st,378000
Volkswagen Ameo,2017,DIESEL,73600,,1st,483000
Hyundai Grand I10,2017,DIESEL,74000,,1st,425000
Ford Ecosport,2014,DIESEL,66400,,2nd,470000
Hyundai Verna,2015,DIESEL,81350,,2nd,485000
Hyundai I10,2014,PETROL,28000,,1st,290000
Hyundai Elite I20,2014,DIESEL,75000,,1st,450000
Maruti Suzuki Swift,2013,DIESEL,34000,,1st,375000
Maruti Suzuki Alto 800,2018,PETROL,42000,,1st,345000
Maruti Suzuki Vitara Brezza,2016,DIESEL,37000,,1st,675000
Honda City,2013,PETROL,47000,,1st,385000
Bmw 7 Series,2017,DIESEL,46000,,1st,5400000
Tata Nexon,2019,PETROL,38000,,1st,695000
Skoda Rapid,2015,PETROL,70500,,1st,500000
Honda City,2018,PETROL,49000,,1st,1025000
Maruti Suzuki Wagon R,2014,PETROL,58000,,1st,285000
Maruti Suzuki Ritz,2014,DIESEL,78000,,1st,275000
Ford Figo,2014,DIESEL,54000,,1st,255000
Maruti Suzuki Swift Dzire,2012,PETROL,37000,,1st,325000
Hyundai I20,2010,CNG & HYBRIDS,65000,,2nd,210000
Maruti Suzuki Swift,2011,DIESEL,51000,,--,240000
Honda Amaze,2016,CNG & HYBRIDS,58000,,1st,425000
Maruti Suzuki Ritz,2012,PETROL,46000,,1st,275000
Hyundai I20,2010,PETROL,60000,,1st,235000
Hyundai Creta,2016,PETROL,30000,,1st,825000
Ford Ecosport,2016,DIESEL,45200,,1st,599000
Hyundai I20,2013,PETROL,58000,,1st,290000
Maruti Suzuki Ertiga,2013,DIESEL,46000,,2nd,525000
Ssangyong Rexton,2013,DIESEL,69000,,2nd,635000
Ford Ecosport,2017,PETROL,65000,,1st,595000
Maruti Suzuki Swift,2017,PETROL,38000,,1st,460000
Hyundai Santro,2012,PETROL,65000,,2nd,220000
Maruti Suzuki Alto,2008,PETROL,16500,,1st,115000
Hyundai I20,2013,PETROL,37000,,1st,302000
Maruti Suzuki Swift Dzire,2011,--,75000,,2nd,215000
Maruti Suzuki Zen Estilo,2011,PETROL,75000,,1st,135000
Maruti Suzuki Swift,2018,PETROL,32000,,1st,550000
Bmw X5,2014,DIESEL,50000,,1st,2950001
Hyundai I20,2016,PETROL,55000,,--,510000
Honda Amaze,2015,PETROL,76000,,1st,340000
Ford Figo,2014,DIESEL,60000,,2nd,160000
Hyundai I10,2012,CNG & HYBRIDS,75000,,1st,220000
Maruti Suzuki Wagon R,2015,PETROL,50000,,1st,300000
Maruti Suzuki Swift,2014,PETROL,56000,,1st,425000
Tata Zest,2015,PETROL,50000,,--,350000
Hyundai I20,2010,CNG & HYBRIDS,52134,,1st,255000
Renault Kwid,2017,PETROL,33803,,1st,267300
Honda City,2015,DIESEL,54000,,1st,699000
Honda Civic,2007,PETROL,89000,,2nd,150000
Hyundai I20,2012,PETROL,54000,,1st,272000
Skoda Octavia,2016,PETROL,40000,,2nd,900000
Hyundai Grand I10,2016,DIESEL,44000,,1st,355000
Volkswagen Polo,2011,DIESEL,56000,,1st,200000
Maruti Suzuki Swift Dzire,2009,DIESEL,59000,,--,220000
Maruti Suzuki Swift,2009,DIESEL,58000,,--,190000
Toyota Innova,2015,DIESEL,75000,,2nd,850000
Maruti Suzuki Ertiga,2017,DIESEL,72000,,1st,710000
Toyota Fortuner,2017,DIESEL,8000,,1st,3125000
Honda Brio,2015,PETROL,42000,,1st,325000
Maruti Suzuki Ertiga,2013,PETROL,44000,,1st,450000
Maruti Suzuki Ritz,2011,DIESEL,97000,,2nd,140000
Maruti Suzuki Swift Dzire,2015,PETROL,49000,,1st,390000
Maruti Suzuki Swift Dzire,2016,PETROL,54000,,1st,410000
,2018,,22000,,,1050000
Ford Ecosport,2018,DIESEL,21570,,1st,825000
Maruti Suzuki Sx4,2013,DIESEL,75000,,1st,325000
Land Rover Discovery,2018,PETROL,41000,,1st,5900000
Hyundai Venue,2021,PETROL,10000,,1st,950000
Maruti Suzuki Swift,2019,PETROL,42000,,1st,495000
Honda Mobilio,2015,DIESEL,66000,,1st,525000
Hyundai Fluidic Verna,2014,DIESEL,68000,,1st,395000
Hyundai Fluidic Verna,2015,DIESEL,54000,,1st,459000
Mahindra Tuv 300,2016,DIESEL,66000,,1st,749000
Renault Triber,2019,PETROL,42000,,1st,449000
Mahindra Scorpio,2012,DIESEL,71000,,1st,425000
Maruti Suzuki Ritz,2013,CNG & HYBRIDS,65000,,1st,310000
Hyundai Verna,2016,DIESEL,57000,,1st,675000
Honda Civic,2007,PETROL,55000,,2nd,135000
Mahindra Scorpio,2015,DIESEL,75000,,2nd,815000
Maruti Suzuki Swift Dzire,2017,PETROL,28000,,1st,615000
Volvo Xc 90,2014,DIESEL,95000,,3rd,1390000
Mercedes-Benz S-Class,2008,PETROL,108000,,1st,890000
Jaguar Xe,2018,DIESEL,31000,,1st,3050000
Maruti Suzuki Vitara Brezza,2020,PETROL,24000,,1st,995000
Audi Q3,2017,DIESEL,35000,,1st,2475000
Hyundai Verna,2016,DIESEL,65000,,1st,775000
Honda Amaze,2014,DIESEL,54000,,1st,298000
Maruti Suzuki Ignis,2018,PETROL,48000,,1st,525000
Hyundai Elantra,2013,DIESEL,67000,,1st,495000
Maruti Suzuki Alto 800,2012,PETROL,46000,,1st,148000
Honda Amaze,2015,DIESEL,49000,,2nd,325000
Maruti Suzuki Swift,2011,PETROL,52000,,1st,250000
Hyundai Santa Fe,2013,DIESEL,85000,,1st,475000
Volkswagen Polo,2016,PETROL,35000,,1st,499000
Mahindra Xuv500,2017,DIESEL,68000,,1st,815000
Toyota Innova Crysta,2016,DIESEL,36000,,1st,1465000
Maruti Suzuki Ertiga,2018,DIESEL,49000,,1st,699000
Volkswagen Jetta,2012,DIESEL,89235,,2nd,424120
Maruti Suzuki Alto,2011,PETROL,55000,,4th,100000
Hyundai I10,2009,CNG & HYBRIDS,56000,,2nd,155000
Toyota Fortuner,2019,DIESEL,37520,,1st,3325000
Porsche Cayenne,2015,DIESEL,20000,,1st,5290000
Maruti Suzuki Wagon R,2010,PETROL,66000,,1st,150000
Mercedes-Benz New C-Class,2011,PETROL,91000,,1st,690000
Mercedes-Benz New C-Class,2012,DIESEL,62000,,1st,890000
Mahindra Scorpio,2012,DIESEL,73250,,1st,394000
Toyota Innova Crysta,2017,DIESEL,23200,,1st,1615000
Honda City,2009,PETROL,70000,,2nd,198000
Hyundai I20,2013,PETROL,35000,,1st,350000
Maruti Suzuki Ritz,2011,PETROL,63524,,2nd,175000
Renault Duster,2013,DIESEL,90000,,--,339000
Renault Duster,2014,DIESEL,83000,,1st,425000
Renault Duster,2016,DIESEL,45000,,1st,595000
Maruti Suzuki Ritz,2014,PETROL,48000,,1st,315000
Mercedes-Benz E-Class,2015,DIESEL,55000,,2nd,2125000
Mercedes-Benz New C-Class,2016,DIESEL,68000,,2nd,1860000
Hyundai Creta,2015,PETROL,55000,,1st,800000
Maruti Suzuki Ciaz,2016,DIESEL,42000,,1st,625000
Hyundai I20,2010,PETROL,59000,,Third,225000
Toyota Innova Crysta,2018,DIESEL,34000,,Second,1900000
Hyundai I10,2007,PETROL,70000,,Second,88000
Renault Kwid,2017,PETROL,39734,,First,290000
Mahindra Xuv500,2014,DIESEL,72000,,First,650000
Renault Kwid,2019,PETROL,17210,,First,375000
Mahindra Xuv500,2013,DIESEL,114000,,Second,340000
Maruti Suzuki Wagon R,2010,PETROL,70000,,Second,135000
Renault Duster,2014,DIESEL,80000,,First,400000
Mahindra Quanto,2014,DIESEL,70000,,First,280000
Hyundai I10,2011,PETROL,90000,,First,175000
Bmw 3 Series,2011,DIESEL,78000,,Second,745000
Hyundai I20,2013,DIESEL,70000,,First,325000
Maruti Suzuki Wagon R,2007,PETROL,50000,,Second,83000
Honda Amaze,2014,DIESEL,62000,,First,325000
Hyundai Grand I10,2016,DIESEL,73000,,First,380000
Tata Safari,2012,DIESEL,90000,,Second,235000
Hyundai Verna,2015,PETROL,70492,,Second,525000
Hyundai Getz,2010,CNG,74955,,Second,125000
Chevrolet Spark,2008,CNG,70000,,Third,85000
Mahindra Kuv 100,2013,DIESEL,62358,,First,399000
Hyundai Santro,2012,CNG,90000,,Fourth,200000
Maruti Suzuki Esteem,2007,PETROL,50000,,First,75000
Toyota Fortuner,2017,DIESEL,90000,,First,2600000
Ford Figo,2014,DIESEL,81600,,First,231000
Renault Duster,2013,DIESEL,58000,,Second,375000
Ford Figo,2012,DIESEL,107000,,First,175000
Renault Duster,2012,DIESEL,70000,,Second,265000
Ford Ecosport,2016,DIESEL,23000,,First,800000
Maruti Suzuki Wagon R,2010,CNG,70000,,Second,150000
Honda City,2009,PETROL,95000,,Second,350000
Maruti Suzuki Eeco,2017,CNG,90000,,Second,220000
Maruti Suzuki Sx4,2010,CNG,90000,,Third,180000
Skoda Octavia,2008,DIESEL,120000,,First,110000
Bmw X1,2017,DIESEL,54000,,Second,2500000
Hyundai I20,2009,PETROL,180000,,Third,175000
Datsun Redigo,2017,PETROL,59221,,First,205000
Maruti Suzuki Ciaz,2016,PETROL,69069,,First,643000
Maruti Suzuki Swift,2012,DIESEL,126014,,First,310000
Maruti Suzuki Alto K10,2018,PETROL,49453,,First,410000
