Car Name,Year,Fuel,Car Driven,Transmission,Owner,price
Kia Seltos,2020,DIESEL,56000,,1st,1799999
Renault Kwid,2016,PETROL,50000,,1st,295000
Renault Others,2021,PETROL,1800,,1st,695000
Tata Indica,2004,PETROL,90000,,Second,75000
Chevrolet Optra Magnum,2007,DIESEL,90000,,Second,157000
Maruti Suzuki Swift Dzire,2010,PETROL,71000,,2nd,265000
Hyundai I10,2013,--,49000,,1st,285000
Ford Figo,2010,PETROL,65000,,1st,195000
Maruti Suzuki Sx4,2010,PETROL,38000,,2nd,250000
Nissan Micra,2011,PETROL,56000,,1st,235000
Land Rover Freelander 2,2013,DIESEL,80000,,3rd,1650000
Maruti Suzuki Wagon R,2015,PETROL,67000,,2nd,340000
Audi Q3,2014,DIESEL,70000,,2nd,1500000
Volkswagen Vento,2020,PETROL,3522,,--,1550000
Fiat Palio Stile,2009,PETROL,71000,,2nd,140000
Fiat Punto Evo,2018,PETROL,20000,,1st,399000
Hyundai I20,2009,PETROL,72000,,4th,245000
Volkswagen Polo,2014,PETROL,58384,,1st,500000
Bmw 3 Series Gt,2015,DIESEL,80000,,1st,2250000
Maruti Suzuki Celerio,2016,PETROL,44000,,2nd,415000
Ford Figo,2010,DIESEL,67000,,2nd,199000
Audi A4,2013,DIESEL,79500,,3rd,1275000
Maruti Suzuki Ertiga,2012,DIESEL,78000,,2nd,499000
Hyundai I10,2015,PETROL,50196,,First,399998
Hyundai I10,2015,PETROL,50196,,First,399999
Honda Civic,2006,PETROL,70000,,4th,150000
Land Rover Range Rover,2011,DIESEL,62000,,2nd,3500000
Mercedes-Benz S-Class,2020,DIESEL,15000,,1st,14000000
Hyundai Elantra,2018,DIESEL,50000,,1st,1250000
Mahindra Bolero,2013,DIESEL,202000,,1st,425000
Tata Safari,2011,DIESEL,83105,,2nd,350000
Maruti Suzuki Swift,2008,PETROL,85000,,1st,245000
Volkswagen Vento,2012,PETROL,83000,,2nd,380000
Hyundai I10,2012,PETROL,73000,,1st,330000
Hyundai Santro,2018,CNG & HYBRIDS,15000,,2nd,510000
Audi Q5,2013,DIESEL,100000,,1st,1650000
Honda Jazz,2016,DIESEL,95000,,1st,550000
Mahindra Scorpio,2017,DIESEL,75000,,2nd,875000
Maruti Suzuki Baleno,2020,PETROL,8000,,1st,800000
Land Rover Freelander 2,2015,DIESEL,30000,,1st,2500000
Hyundai Venue,2020,DIESEL,19000,,1st,1200000
Maruti Suzuki Ertiga,2012,DIESEL,78000,,2nd,511000
Hyundai I10,2015,PETROL,50196,,First,400000
Tata Nano,2014,PETROL,17852,,2nd,95000
Honda Amaze,2013,DIESEL,94521,,1st,395000
Maruti Suzuki Alto K10,2013,CNG & HYBRIDS,61958,,2nd,240000
Volkswagen Polo,2011,PETROL,35256,,2nd,265000
Mg Others,2021,DIESEL,25000,,1st,3700000
Fiat Punto,2010,PETROL,50650,,1st,222000
Bmw 5 Series,2016,DIESEL,70000,,1st,2990000
Mercedes-Benz M-Class,2014,DIESEL,129000,,1st,2350000
Mercedes-Benz E-Class,2013,DIESEL,65000,,1st,1700000
Mercedes-Benz Ml Class,2014,DIESEL,130000,,1st,2350000
Mercedes-Benz New C-Class,2014,DIESEL,79000,,1st,1600000
Hyundai Grand I10,2016,PETROL,35100,,1st,550000
Maruti Suzuki Wagon R,2014,CNG & HYBRIDS,91000,,1st,370000
Fiat Linea,2009,DIESEL,82000,,2nd,235000
Tata Nexon,2018,PETROL,15000,,1st,880000
Honda Accord,2007,PETROL,100000,,1st,275000
Mahindra Verito,2020,ELECTRIC,2500,,1st,815000
Skoda Rapid,2017,DIESEL,43000,,1st,655000
Toyota Innova,2009,DIESEL,160000,,2nd,595000
Hyundai I20,2009,PETROL,85000,,1st,251000
Volkswagen Jetta,2011,DIESEL,68000,,2nd,475000
Mercedes-Benz E-Class,2016,DIESEL,41000,,1st,2700000
Maruti Suzuki Alto K10,2015,CNG & HYBRIDS,67000,,1st,290000
Hyundai I10,2010,PETROL,47000,,1st,235000
Maruti Suzuki Sx4,2010,PETROL,71000,,2nd,275000
Fiat Punto,2010,PETROL,51000,,1st,225000
Ford Figo,2010,PETROL,46000,,1st,195000
Hyundai I20,2014,DIESEL,98000,,1st,450000
Nissan Terrano,2013,DIESEL,75000,,1st,550000
Honda City,2010,PETROL,33000,,1st,375000
Bmw 3 Series Gt,2018,DIESEL,58000,,2nd,3300000
Maruti Suzuki Swift,2018,DIESEL,77711,,2nd,730000
Volkswagen Jetta,2013,DIESEL,133000,,2nd,650000
Maruti Suzuki Swift,2015,DIESEL,80000,,1st,550000
Toyota Innova Crysta,2016,DIESEL,93000,,1st,1825000
Chevrolet Beat,2012,DIESEL,85550,,1st,190000
Audi A4,2013,DIESEL,45000,,1st,1350000
Ford Ecosport,2019,PETROL,11070,,1st,955000
Maruti Suzuki Swift,2014,DIESEL,29000,,1st,518000
Tata Manza,2010,PETROL,66602,,1st,175000
Maruti Suzuki Omni,2011,CNG & HYBRIDS,99999,,3rd,170000
Audi A4,2016,DIESEL,59335,,2nd,1791000
Hyundai Santro Xing,2006,PETROL,91468,,3rd,98000
Maruti Suzuki Baleno,2018,PETROL,34749,,1st,785000
Maruti Suzuki Swift Dzire,2017,DIESEL,65358,,1st,761000
Maruti Suzuki Ciaz,2016,DIESEL,100000,,1st,715000
Maruti Suzuki Swift,2016,DIESEL,130000,,1st,580000
Hyundai Elite I20,2020,PETROL,5000,,1st,775000
Hyundai Grand I10,2018,CNG & HYBRIDS,32000,,1st,545000
Maruti Suzuki Ertiga,2017,DIESEL,68000,,1st,795000
Hyundai Creta,2017,DIESEL,83000,,1st,1175000
Maruti Suzuki Swift Dzire,2018,DIESEL,54000,,1st,825000
Hyundai Verna,2018,DIESEL,60000,,1st,1250000
Hyundai Grand I10,2018,PETROL,37079,,1st,525000
Volkswagen Vento,2015,PETROL,61000,,1st,625000
Bmw 5 Series,2011,DIESEL,100000,,2nd,1350000
Volkswagen Vento,2020,PETROL,13000,,1st,1240000
Maruti Suzuki Sx4,2011,PETROL,64000,,1st,365000
Volkswagen Vento,2011,PETROL,63000,,2nd,290000
Chevrolet Enjoy,2013,PETROL,23000,,1st,285000
Mercedes-Benz New C-Class,2009,PETROL,82000,,2nd,550000
Honda City,2014,DIESEL,77000,,1st,549000
Maruti Suzuki Swift,2016,DIESEL,65000,,1st,560000
Mercedes-Benz Cl-Class,2013,DIESEL,105000,,2nd,1200000
Bmw 5 Series,2013,DIESEL,88000,,2nd,1600000
Volkswagen Polo,2016,DIESEL,55745,,1st,575000
Ford Figo,2013,PETROL,60000,,1st,225000
Bmw X5,2016,DIESEL,34800,,2nd,4000000
Audi Q7,2016,DIESEL,41000,,1st,5500000
Mercedes-Benz E-Class,2011,PETROL,67000,,1st,2599000
Ford Fiesta,2007,DIESEL,136000,,1st,195000
Skoda Superb,2015,DIESEL,60000,,2nd,1300000
Renault Kwid,2017,CNG & HYBRIDS,78000,,1st,320000
Honda City,2014,DIESEL,124000,,1st,565000
Maruti Suzuki Ciaz,2017,DIESEL,58000,,1st,665000
Ford Ecosport,2013,PETROL,65000,,2nd,525000
Hyundai Verna,2013,DIESEL,92000,,1st,565000
Maruti Suzuki Ertiga,2014,CNG & HYBRIDS,95500,,2nd,675000
Volkswagen Crosspolo,2014,DIESEL,78000,,1st,460000
Toyota Innova,2013,DIESEL,250000,,2nd,750000
Tata Nano,2014,CNG & HYBRIDS,73000,,1st,145000
Mini Clubman,2018,PETROL,15000,,1st,3500000
Maruti Suzuki Swift,2018,DIESEL,62000,,1st,670000
Mercedes-Benz New C-Class,2018,DIESEL,60000,,1st,2700000
Bmw 3 Series Gt,2015,DIESEL,67000,,2nd,2025000
Jeep Compass,2019,PETROL,17000,,1st,1850000
Mercedes-Benz B Class,2013,DIESEL,46000,,1st,1250000
Maruti Suzuki Ciaz,2018,DIESEL,70000,,1st,850000
Mahindra Verito,2020,ELECTRIC,2500,,1st,815000
Maruti Suzuki Alto,2012,PETROL,58000,,1st,175000
Maruti Suzuki Wagon R,2015,PETROL,28050,,1st,365000
Maruti Suzuki Swift Dzire,2014,PETROL,61763,,2nd,521000
Toyota Innova,2010,DIESEL,185000,,2nd,399000
Honda City Zx,2007,PETROL,82000,,2nd,149000
Skoda Octavia,2016,DIESEL,49000,,1st,970000
Toyota Innova,2013,DIESEL,125138,,2nd,995000
Bmw X5,2016,DIESEL,53000,,2nd,3800000
Ford Fiesta Classic,2013,PETROL,68000,,1st,250000
Maruti Suzuki Ertiga,2012,DIESEL,72000,,2nd,499000
Maruti Suzuki Swift,2011,DIESEL,99000,,1st,345000
Kia Others,2020,PETROL,8562,,1st,1135000
Toyota Innova,2013,DIESEL,168000,,1st,875000
Skoda Laura,2007,DIESEL,128000,,1st,275000
Mahindra E2o,2015,ELECTRIC,20000,,1st,285000
Skoda Fabia,2011,PETROL,43000,,1st,225000
Maruti Suzuki Wagon R,2015,PETROL,24430,,1st,410000
Maruti Suzuki Ertiga,2013,DIESEL,74000,,1st,730000
Hyundai Venue,2020,DIESEL,19000,,1st,1200000
Hyundai Santro Xing,2007,PETROL,104000,,2nd,135000
Hyundai Xcent,2017,PETROL,28339,,1st,545000
Hyundai Santro Xing,2008,CNG & HYBRIDS,105000,,2nd,170000
Maruti Suzuki Wagon R,2010,PETROL,85000,,2nd,190000
Tata Hexa,2017,DIESEL,81000,,1st,1050000
Tata Safari,2011,DIESEL,64000,,1st,365000
Maruti Suzuki Swift,2019,DIESEL,59000,,1st,770000
Toyota Innova,2014,DIESEL,165000,,4th,935000
Mahindra Xuv500,2014,DIESEL,139000,,2nd,711000
Hyundai Eon,2015,PETROL,55000,,2nd,291000
Audi Q5,2011,DIESEL,85000,,2nd,1100000
Ford Figo,2011,PETROL,65000,,1st,235000
Hyundai Santro Xing,2011,PETROL,78000,,1st,199000
Maruti Suzuki Wagon R,2017,PETROL,32000,,1st,465000
Hyundai Elite I20,2014,DIESEL,69000,,1st,640000
Skoda Superb,2015,DIESEL,60000,,2nd,1300000
Maruti Suzuki Ritz,2011,PETROL,55708,,1st,285000
Honda Amaze,2018,PETROL,26000,,1st,680000
Hyundai I10,2013,PETROL,51000,,1st,275000
Maruti Suzuki Ertiga,2015,DIESEL,95000,,1st,649000
Hyundai Verna,2014,PETROL,55000,,1st,479000
Mercedes-Benz E-Class,2008,DIESEL,60000,,2nd,850000
Chevrolet Spark,2011,PETROL,24000,,3rd,151000
Hyundai Verna,2011,PETROL,78000,,1st,381000
Chevrolet Sail U-Va,2013,DIESEL,87000,,1st,225000
Volkswagen Vento,2015,PETROL,43000,,1st,599000
Hyundai I20,2012,DIESEL,59891,,2nd,375000
Hyundai Grand I10,2019,PETROL,19000,,1st,650000
Hyundai Grand I10,2018,PETROL,11000,,2nd,560000
Volkswagen Jetta,2013,DIESEL,70000,,2nd,550000
Ford Figo,2012,DIESEL,59000,,1st,320000
Maruti Suzuki Swift,2018,PETROL,14500,,1st,635000
Hyundai Grand I10,2015,PETROL,29456,,1st,498000
Hyundai I20,2009,CNG & HYBRIDS,72000,,2nd,235000
Skoda Rapid,2017,DIESEL,43000,,1st,655000
Honda Civic,2010,PETROL,65000,,1st,285000
Mercedes-Benz E-Class,2012,DIESEL,70000,,2nd,1100000
Mg Hector,2021,PETROL,5000,,1st,1900000
Mahindra Xuv500,2012,DIESEL,160000,,1st,599999
Tata Indigo Ecs,2011,DIESEL,96000,,1st,195000
Hyundai I10,2010,PETROL,68000,,1st,230000
Maruti Suzuki Wagon R 1.0,2013,CNG & HYBRIDS,68000,,2nd,350000
Hyundai I10,2012,CNG & HYBRIDS,132000,,1st,300000
Maruti Suzuki Zen Estilo,2010,PETROL,42000,,1st,190000
Hyundai I10,2013,PETROL,55000,,1st,310000
Hyundai I10,2011,PETROL,49000,,2nd,290000
Toyota Innova,2014,DIESEL,122879,,1st,1025000
Nissan Sunny,2014,PETROL,39000,,2nd,411000
Maruti Suzuki Alto,2009,PETROL,30000,,1st,140000
Maruti Suzuki Ritz,2015,DIESEL,75000,,1st,440000
Audi Q7,2011,DIESEL,83000,,1st,1550000
Ford Figo,2017,DIESEL,23000,,1st,575000
Jeep Wrangler,2017,PETROL,9500,,1st,4500000
Ford Ecosport,2015,PETROL,38000,,1st,499000
Volkswagen Vento,2012,DIESEL,85000,,2nd,375000
Hyundai Verna,2015,PETROL,75000,,1st,575000
Hyundai I20,2015,DIESEL,76000,,1st,575000
Skoda Laura,2011,DIESEL,90000,,2nd,370000
Maruti Suzuki Swift Dzire,2008,CNG & HYBRIDS,90000,,2nd,265000
Hyundai Grand I10,2013,PETROL,15000,,1st,440000
Renault Kwid,2017,CNG & HYBRIDS,79000,,1st,325000
Maruti Suzuki Alto 800,2014,PETROL,85639,,2nd,245001
Maruti Suzuki Alto,2008,PETROL,96596,,2nd,145001
Mahindra Renault Logan,2008,CNG & HYBRIDS,56099,,1st,144000
Maruti Suzuki Swift Dzire,2008,PETROL,79550,,1st,265000
Skoda Fabia,2010,PETROL,79995,,1st,233000
Toyota Innova,2012,DIESEL,146190,,--,810000
Fiat Grande Punto,2011,DIESEL,99599,,--,205000
Ford Figo,2017,DIESEL,74000,,1st,550000
Hyundai Tucson,2020,PETROL,19000,,1st,2300000
Ford Ecosport,2019,DIESEL,30000,,1st,1050000
Toyota Fortuner,2017,DIESEL,61000,,1st,2850000
Hyundai I20,2012,PETROL,74841,,3rd,375000
Mercedes-Benz Gla Class,2015,DIESEL,40000,,1st,1250000
Kia Seltos,2019,PETROL,15000,,1st,1750000
Maruti Suzuki Swift,2019,PETROL,4876,,1st,747000
Bmw X1,2011,DIESEL,135000,,2nd,849999
Maruti Suzuki Swift,2015,CNG & HYBRIDS,54000,,2nd,524900
Audi Q5,2014,DIESEL,41000,,1st,1050000
Hyundai I20 Active,2015,DIESEL,42000,,1st,615000
Mahindra Xuv500,2011,DIESEL,80000,,2nd,480000
Maruti Suzuki Ciaz,2014,DIESEL,120000,,1st,660000
Maruti Suzuki Vitara Brezza,2016,DIESEL,20,,2nd,849999
Skoda Fabia,2010,PETROL,49000,,2nd,235000
Maruti Suzuki Ciaz,2016,DIESEL,78000,,2nd,685000
Hyundai Eon,2014,PETROL,40000,,1st,280000
Skoda Superb,2012,PETROL,60000,,1st,540000
Tata Safari,2011,DIESEL,86000,,2nd,290000
Land Rover Freelander 2,2015,DIESEL,30000,,1st,2500000
Hyundai I20,2009,CNG & HYBRIDS,82000,,2nd,235000
Kia Seltos,2020,DIESEL,24000,,1st,1550000
Hyundai Grand I10,2015,PETROL,45000,,1st,460000
Skoda Superb,2012,PETROL,64000,,2nd,375000
Skoda Rapid,2012,DIESEL,84000,,2nd,375000
Chevrolet Cruze,2010,DIESEL,47000,,1st,325000
Maruti Suzuki Ertiga,2013,DIESEL,135000,,2nd,625000
Honda Brio,2016,PETROL,43000,,1st,470000
Maruti Suzuki Alto K10,2016,CNG & HYBRIDS,65000,,1st,375000
Hyundai I10,2010,PETROL,94000,,1st,225000
Hyundai I20,2018,DIESEL,23000,,1st,825000
Mercedes-Benz E-Class,2014,DIESEL,62000,,3rd,1850000
Volkswagen Polo,2012,DIESEL,74000,,2nd,299999
Fiat Punto Evo,2018,PETROL,20300,,1st,385000
Skoda Fabia,2009,PETROL,69000,,1st,185000
Mercedes-Benz E-Class,2016,DIESEL,19000,,1st,2999999
Bmw X1,2012,PETROL,47000,,1st,1200000
Mahindra Thar,2020,DIESEL,10000,,1st,1650000
Hyundai I10,2010,PETROL,23000,,1st,235000
Ford Fiesta Classic,2013,PETROL,43000,,2nd,249000
Maruti Suzuki Swift Dzire,2018,PETROL,12548,,1st,655000
Volkswagen Vento,2015,DIESEL,80000,,1st,725000
Mg Hector,2020,PETROL,14600,,1st,1800000
Maruti Suzuki Ertiga,2015,LPG,33000,,1st,775000
Volkswagen Ameo,2016,PETROL,65000,,1st,475000
Ford Endeavour,2019,DIESEL,41000,,1st,3000000
Skoda Superb,2009,PETROL,84000,,2nd,355000
Maruti Suzuki Ertiga,2014,CNG & HYBRIDS,95500,,1st,675000
Maruti Suzuki Ciaz,2014,DIESEL,50000,,1st,625000
Maruti Suzuki Ciaz,2014,PETROL,50913,,1st,525000
Mercedes-Benz New C-Class,2014,DIESEL,51000,,2nd,1450000
Mercedes-Benz New C-Class,2012,DIESEL,57000,,2nd,1050000
Skoda Rapid,2019,DIESEL,34000,,1st,1350000
Volkswagen Polo,2018,PETROL,38000,,1st,850000
Audi A4,2013,DIESEL,45000,,1st,1340000
Nissan Micra,2011,DIESEL,118000,,2nd,275000
Honda City,2013,PETROL,98000,,1st,470000
Audi Q3,2016,DIESEL,80000,,2nd,1750000
Maruti Suzuki Swift,2007,DIESEL,125487,,3rd,190000
Maruti Suzuki Swift Dzire,2014,DIESEL,115654,,1st,550000
Hyundai Verna,2015,PETROL,60000,,1st,655000
Maruti Suzuki Swift Dzire,2011,DIESEL,115078,,1st,399000
Maruti Suzuki Ciaz,2017,DIESEL,113000,,1st,650000
Maruti Suzuki Wagon R,2017,CNG & HYBRIDS,80000,,1st,375000
Maruti Suzuki Ertiga,2017,DIESEL,64000,,1st,950000
Bmw X3,2018,DIESEL,88000,,1st,4500000
Volkswagen Polo,2016,PETROL,48000,,1st,675000
Maruti Suzuki Vitara Brezza,2018,DIESEL,60170,,1st,950000
Renault Kwid,2016,PETROL,50000,,1st,295000
Hyundai I20,2015,PETROL,73000,,1st,580000
Kia Others,2020,DIESEL,8000,,1st,1400000
Maruti Suzuki Swift,2014,PETROL,44000,,2nd,444000
Hyundai Creta,2018,DIESEL,15000,,1st,1124000
Hyundai Grand I10,2014,PETROL,40000,,1st,474000
Maruti Suzuki Wagon R,2012,PETROL,41000,,1st,324000
Kia Seltos,2019,DIESEL,18000,,1st,1750000
Skoda Superb,2011,DIESEL,160000,,1st,499999
Maruti Suzuki Ertiga,2013,DIESEL,105000,,1st,550000
Maruti Suzuki Eeco,2013,CNG & HYBRIDS,113000,,4th,240000
Ford Fiesta,2010,--,65000,,2nd,185000
Maruti Suzuki Alto K10,2015,CNG & HYBRIDS,76000,,1st,295000
Mercedes-Benz B Class,2016,DIESEL,68000,,1st,1600000
Hyundai Grand I10,2016,PETROL,33000,,1st,475000
Hyundai I10,2014,PETROL,42000,,1st,360000
Mercedes-Benz Gla Class,2016,DIESEL,71182,,1st,2200000
Hyundai I10,2011,PETROL,73961,,2nd,295000
Mercedes-Benz Gle Class,2016,DIESEL,54000,,1st,4250000
Honda Amaze,2013,DIESEL,69866,,1st,400000
Audi A4,2014,DIESEL,88000,,2nd,1300000
Hyundai I10,2016,PETROL,55000,,1st,390000
Mercedes-Benz S-Class,2014,DIESEL,46000,,1st,4600000
Maruti Suzuki Ritz,2010,PETROL,27500,,1st,265000
Maruti Suzuki Swift Dzire,2015,PETROL,71000,,3rd,430000
Toyota Innova,2013,DIESEL,250000,,2nd,770000
Toyota Fortuner,2010,DIESEL,84672,,2nd,1269999
Honda Amaze,2019,PETROL,10000,,1st,770000
Honda City,2010,PETROL,61000,,1st,339999
Volkswagen Vento,2012,PETROL,57000,,1st,379999
Hyundai Verna,2011,DIESEL,73000,,1st,439999
Honda Accord,2007,PETROL,98000,,1st,169999
Maruti Suzuki Sx4,2012,PETROL,47559,,1st,365000
Toyota Fortuner,2010,DIESEL,178490,,1st,1050000
Maruti Suzuki Swift,2008,DIESEL,105000,,1st,255000
Toyota Innova,2008,DIESEL,135087,,2nd,425000
Hyundai Verna,2013,PETROL,65000,,1st,465000
Maruti Suzuki Swift,2011,DIESEL,110000,,1st,335000
Honda City Zx,2007,PETROL,77777,,2nd,201000
Toyota Innova,2010,DIESEL,159000,,2nd,599000
Fiat Grand Punto,2009,DIESEL,113000,,2nd,161000
Kia Others,2020,DIESEL,5000,,2nd,1250000
Jaguar Xf,2012,DIESEL,61000,,2nd,1575000
Jaguar Xj,2014,DIESEL,41000,,1st,4300000
Maruti Suzuki Swift,2019,DIESEL,27000,,2nd,850000
Maruti Suzuki Swift,2018,DIESEL,48000,,1st,755000
Hyundai I20,2018,PETROL,23777,,1st,815000
Toyota Land Cruiser,2016,DIESEL,35000,,1st,4100000
Maruti Suzuki Wagon R,2014,PETROL,49164,,1st,455000
Hyundai I20,2019,PETROL,9077,,1st,777000
Ford Endeavour,2018,DIESEL,32000,,1st,1800000
Maruti Suzuki Vitara Brezza,2017,DIESEL,52123,,1st,855000
Maruti Suzuki Alto K10,2012,PETROL,40789,,1st,225000
Maruti Suzuki Ritz,2011,PETROL,81168,,1st,300000
Ford Ecosport,2013,PETROL,67000,,2nd,551000
Ford Fiesta Classic,2011,DIESEL,130000,,1st,250000
Honda Amaze,2019,PETROL,7000,,1st,675000
Maruti Suzuki Celerio,2017,PETROL,45000,,1st,450000
Toyota Innova,2012,DIESEL,66191,,1st,810000
Skoda Rapid,2018,PETROL,38347,,1st,821000
Audi A6,2013,DIESEL,122000,,2nd,1275000
Honda Accord,2008,PETROL,72000,,3rd,299000
Honda Mobilio,2014,DIESEL,96500,,2nd,575000
Maruti Suzuki Alto K10,2014,PETROL,39000,,1st,309000
Toyota Innova Crysta,2016,DIESEL,106000,,1st,1645000
Ford Ecosport,2018,PETROL,32000,,1st,915000
Maruti Suzuki Swift Dzire,2017,DIESEL,70000,,1st,760000
Maruti Suzuki Swift Dzire,2010,DIESEL,147000,,1st,340000
Volkswagen Polo,2011,PETROL,45088,,2nd,285000
Maruti Suzuki S-Cross,2018,DIESEL,72000,,1st,895000
Ashok Leyland Others,2017,DIESEL,160000,,2nd,5500000
Hyundai I10,2012,PETROL,54649,,1st,334000
Audi A4,2016,DIESEL,81500,,1st,2175000
Hyundai I20,2012,DIESEL,76320,,1st,350000
Volvo V40 Cross Country,2013,DIESEL,78000,,2nd,1400000
Volkswagen Polo,2016,PETROL,41200,,1st,750000
Volkswagen Ameo,2017,DIESEL,50000,,1st,775000
Honda City,2013,PETROL,64000,,1st,375000
Hyundai Verna,2012,PETROL,56000,,3rd,375000
Honda Accord,2005,PETROL,102000,,1st,185000
Honda City,2017,PETROL,54000,,1st,725000
Land Rover Range Rover Evoque,2013,DIESEL,100000,,1st,2700000
Hyundai I10,2008,PETROL,90000,,2nd,200000
Hyundai Grand I10,2017,PETROL,40000,,1st,650000
Toyota Innova,2016,DIESEL,160000,,1st,1200000
Tata Safari,2011,DIESEL,64000,,1st,360000
Mg Hector,2020,DIESEL,18000,,1st,1800000
Renault Kwid,2019,PETROL,22000,,1st,425000
Maruti Suzuki Baleno,2018,PETROL,19448,,1st,711000
Kia Seltos,2020,DIESEL,56000,,1st,1799999
Chevrolet Beat,2012,DIESEL,85550,,1st,190000
Maruti Suzuki Swift,2008,PETROL,85000,,1st,245000
Maruti Suzuki Ertiga,2017,DIESEL,95000,,1st,795000
Hyundai Grand I10,2017,PETROL,27000,,2nd,575000
Volkswagen Polo,2012,DIESEL,65000,,2nd,325000
Maruti Suzuki Wagon R 1.0,2013,CNG & HYBRIDS,51000,,1st,361000
Volkswagen Vento,2013,DIESEL,95000,,2nd,399999
Hyundai Grand I10,2017,PETROL,18300,,1st,575000
Hyundai I10,2010,PETROL,75000,,1st,300000
Hyundai Santro Xing,2006,PETROL,118000,,2nd,85000
Hyundai I20,2013,DIESEL,81000,,1st,425000
Maruti Suzuki Wagon R 1.0,2012,PETROL,30045,,1st,285000
Volkswagen Polo,2015,PETROL,48000,,2nd,450000
Bmw X1,2018,DIESEL,33100,,1st,2800000
Tata Indica V2,2009,DIESEL,81055,,1st,131000
Tata Safari,2014,DIESEL,80000,,1st,500000
Maruti Suzuki Swift,2015,DIESEL,109000,,2nd,500000
Volkswagen Polo,2016,DIESEL,54162,,1st,535000
Tata Tiago,2016,DIESEL,58000,,1st,399000
Fiat Grande Punto,2011,PETROL,44014,,2nd,150000
Skoda Rapid,2012,DIESEL,135000,,2nd,380000
Maruti Suzuki Celerio,2014,PETROL,77000,,1st,385000
Toyota Corolla Altis,2010,DIESEL,160000,,2nd,400000
Toyota Camry,2004,PETROL,200000,,1st,210000
Volkswagen Polo,2017,PETROL,17500,,1st,780000
Hyundai Elantra,2012,DIESEL,115000,,2nd,580000
Nissan Sunny,2011,PETROL,88593,,1st,301000
Nissan X-Trail,2011,DIESEL,86606,,1st,525000
Volkswagen Polo,2012,DIESEL,60599,,--,365000
Fiat Linea,2011,DIESEL,96559,,--,222000
Volkswagen Polo,2016,PETROL,30100,,2nd,499000
Tata Nano,2012,PETROL,50000,,1st,80000
Maruti Suzuki Swift,2014,DIESEL,29000,,1st,525000
Bmw X3,2011,DIESEL,180000,,4th,1450000
Mahindra Bolero Power Plus,2012,DIESEL,65000,,1st,495000
Hyundai Grand I10 Nios,2020,PETROL,9226,,1st,750000
Ford Endeavour,2021,DIESEL,8938,,1st,3900000
Maruti Suzuki Alto 800,2015,PETROL,27265,,1st,285000
Ford Endeavour,2017,DIESEL,145000,,2nd,2500000
Volkswagen Polo,2015,DIESEL,65000,,1st,485000
Volkswagen Polo,2011,DIESEL,92000,,2nd,284000
Ford Figo,2012,DIESEL,65000,,2nd,235000
Volkswagen Polo,2011,PETROL,65000,,2nd,285000
Tata Indica Vista,2009,PETROL,65000,,2nd,145000
Hyundai Eon,2015,PETROL,45000,,2nd,325000
Mahindra Scorpio,2004,DIESEL,65000,,2nd,235000
Hyundai I10,2012,PETROL,65000,,1st,285000
Honda City,2015,PETROL,65000,,2nd,655000
Hyundai Verna,2013,DIESEL,84000,,2nd,475000
Maruti Suzuki Swift,2014,DIESEL,82000,,1st,545000
Maruti Suzuki Wagon R,2016,PETROL,83000,,1st,445000
Hyundai Grand I10,2018,PETROL,59000,,1st,525000
Volkswagen Vento,2014,DIESEL,88000,,1st,475000
Volkswagen Vento,2011,PETROL,63000,,2nd,290000
Mercedes-Benz Gl-Class,2016,DIESEL,60000,,--,4550000
Skoda Rapid,2017,DIESEL,54000,,1st,651000
Volkswagen Polo,2018,DIESEL,48000,,1st,785000
Bmw 5 Series,2011,DIESEL,74000,,2nd,1475000
Maruti Suzuki Swift,2015,DIESEL,65000,,1st,565000
Hyundai Elite I20,2017,DIESEL,30690,,1st,650000
Maruti Suzuki Alto K10,2012,PETROL,63042,,1st,227000
Toyota Innova Crysta,2019,DIESEL,84143,,1st,1891000
Hyundai I20,2015,PETROL,55000,,1st,585000
Volkswagen Vento,2011,PETROL,65000,,2nd,385000
Maruti Suzuki Baleno,2017,PETROL,21500,,2nd,675000
Volkswagen Polo,2014,PETROL,65000,,2nd,385000
Ford Freestyle,2018,DIESEL,27000,,1st,750000
Maruti Suzuki S-Cross,2016,DIESEL,52592,,1st,755000
Mercedes-Benz New C-Class,2011,DIESEL,73102,,2nd,1250000
Honda City,2015,PETROL,65000,,2nd,645000
Hyundai Verna,2016,DIESEL,6800,,1st,685000
Honda Accord,2007,PETROL,100000,,1st,275000
Ford Ecosport,2013,PETROL,62000,,2nd,525000
Maruti Suzuki Swift Dzire,2014,DIESEL,82000,,2nd,535000
Ford Ecosport,2013,DIESEL,86789,,1st,625000
Toyota Innova Crysta,2017,DIESEL,99000,,1st,1649000
Volkswagen Jetta,2016,DIESEL,62000,,1st,1149000
Nissan Sunny,2012,PETROL,88599,,1st,322000
Maruti Suzuki Swift,2012,DIESEL,79958,,1st,401000
Maruti Suzuki Alto K10,2014,PETROL,27149,,1st,270000
Tata Indica V2,2008,PETROL,67559,,--,88000
Hyundai I10,2010,PETROL,71559,,--,244000
Chevrolet Spark,2008,PETROL,64599,,--,108000
Maruti Suzuki Ertiga,2017,DIESEL,148301,,1st,795000
Toyota Etios,2012,PETROL,89000,,2nd,325000
Renault Kwid,2016,PETROL,63000,,1st,295000
Hyundai I20,2011,DIESEL,121000,,1st,360000
Skoda Superb,2015,DIESEL,60200,,2nd,1350000
Bmw 5 Series,2017,DIESEL,43339,,1st,3050000
Hyundai Creta,2019,PETROL,22000,,1st,1275000
Toyota Innova,2010,DIESEL,92000,,2nd,399000
Honda City,2012,PETROL,95000,,2nd,450000
Volkswagen Vento,2013,DIESEL,63000,,2nd,365000
Hyundai Grand I10,2014,DIESEL,71000,,1st,390000
Maruti Suzuki Alto K10,2014,PETROL,38000,,1st,260000
Hindustan Motors Contessa (1988),1988,PETROL,50000,,4+,350000
Skoda Superb,2009,DIESEL,48300,,2nd,360000
Toyota Etios,2015,PETROL,64552,,1st,525000
Toyota Yaris,2019,PETROL,23600,,1st,950000
Volkswagen Jetta,2014,DIESEL,73140,,1st,750000
Honda Jazz,2017,PETROL,24000,,1st,685000
Toyota Innova,2012,DIESEL,168000,,1st,825000
Maruti Suzuki Swift,2015,PETROL,30000,,1st,550000
Honda Civic,2006,PETROL,117000,,1st,200000
Mahindra Tuv 300,2016,DIESEL,78546,,2nd,675000
Honda City,2005,PETROL,95000,,1st,145000
Audi A4,2016,DIESEL,98000,,1st,1790000
Audi Tt,2012,PETROL,27000,,2nd,2850000
Mahindra E2o,2015,ELECTRIC,20000,,1st,285000
Maruti Suzuki Wagon R 1.0,2013,CNG & HYBRIDS,56000,,1st,375000
Renault Kwid,2015,PETROL,35000,,1st,285000
Volkswagen Polo,2015,PETROL,74000,,1st,475000
Hyundai I20,2010,PETROL,70875,,2nd,275000
Maruti Suzuki Grand Vitara,2017,DIESEL,65000,,1st,850000
Toyota Innova,2013,DIESEL,110000,,2nd,825000
Audi A4,2014,DIESEL,75000,,1st,1600000
Hyundai Verna,2019,DIESEL,32000,,1st,1375000
Maruti Suzuki Wagon R,2013,PETROL,65000,,3rd,275000
Hyundai Grand I10,2017,PETROL,27000,,1st,475000
Hyundai Santro,2019,PETROL,1900,,1st,610000
Volkswagen Vento,2011,DIESEL,144000,,2nd,325000
Mahindra Xuv500,2014,DIESEL,77000,,1st,890000
Hyundai I20,2018,PETROL,25000,,1st,825000
Audi A4,2012,DIESEL,70000,,2nd,1050000
Jaguar Xf,2014,DIESEL,28000,,Second,2650000
Maruti Suzuki Alto K10,2010,PETROL,97000,,First,140000
Honda Brio,2012,PETROL,90000,,Second,270000
Volkswagen Polo,2010,PETROL,140000,,Second,220000
Maruti Suzuki Zen Estilo,2007,CNG,78000,,Second,125000
Maruti Suzuki Wagon R,2008,PETROL,90000,,Third,160000
Mahindra Xylo,2016,DIESEL,200000,,First,447000
Maruti Suzuki Ritz,2016,DIESEL,116100,,Second,350000
Bmw X5,2015,DIESEL,90000,,Second,2850000
Tata Indica Vista,2010,DIESEL,91000,,Second,155000
Hyundai Eon,2012,PETROL/LIQUIFIED PETROLEUM GAS,68000,,Second,180000
Ford Ikon,2006,PETROL,50000,,Second,80000
Mahindra Xuv500,2014,DIESEL,90000,,Second,700000
Mahindra Tuv 300,2018,DIESEL,34700,,Third,825000
Maruti Suzuki Swift Dzire,2010,DIESEL,140000,,Fourth,350000
Chevrolet Beat,2012,DIESEL,72000,,First,215000
Hyundai Verna,2007,DIESEL,114000,,First,220000
Toyota Innova Crysta,2016,DIESEL,111000,,First,1600000
Renault Duster,2013,DIESEL,95000,,Second,450000
Mahindra Scorpio,2011,DIESEL,70000,,First,425000
Hyundai I20,2011,PETROL,52000,,First,350000
Toyota Innova,2013,DIESEL,58000,,First,875000
Bmw 3 Series,2014,DIESEL,105000,,Third,1400000
Tata Zest,2015,DIESEL,90000,,Second,600000
Mahindra Xuv500,2013,DIESEL,100000,,Second,600000
Ford Fiesta,2011,PETROL,50000,,Second,298000
Ford Figo,2011,DIESEL,140000,,Third,275000
Maruti Suzuki Zen,2004,PETROL,90000,,Third,95000
Hyundai Verna,2011,DIESEL,143000,,Second,400000
Hyundai Grand I10,2018,PETROL,5700,,First,670000
Chevrolet Cruze,2013,DIESEL,74497,,First,419997
Mahindra Scorpio,2007,DIESEL,200000,,Fourth,220000
Maruti Suzuki Baleno,2016,PETROL,59816,,--,617000
Audi A3,2016,DIESEL,17000,,1st,2500000
Hyundai I20 Active,2015,PETROL,72000,,2nd,590000
Maruti Suzuki Alto K10,2016,PETROL,50000,,First,330000
Ford Figo,2018,PETROL,12000,,First,600000
Hyundai Santro Xing,2007,PETROL,730045,,3rd,165000
Toyota Fortuner,2011,DIESEL,171000,,1st,1045000
Maruti Suzuki Swift,2015,DIESEL,75000,,1st,540000
Hyundai Verna,2009,DIESEL,92000,,2nd,280000
Maruti Suzuki Omni,1998,PETROL,94000,,1st,115000
Ford Ecosport,2014,PETROL,48287,,1st,645000
Maruti Suzuki Ertiga,2019,PETROL,9257,,1st,1145000
Mahindra Scorpio,2007,DIESEL,108500,,4+,275000
Maruti Suzuki Alto K10,2018,PETROL,16000,,1st,415000
Hyundai I20,2012,DIESEL,49600,,2nd,168000
Renault Duster,2013,DIESEL,68000,,1st,645000
Hyundai I20,2011,PETROL,80000,,2nd,325000
Honda City Zx,2007,PETROL,78000,,2nd,315000
Hyundai Verna,2008,PETROL,89000,,2nd,200000
Maruti Suzuki Swift Dzire,2019,DIESEL,42000,,1st,670000
Hyundai Grand I10,2015,PETROL,78539,,1st,590000
Maruti Suzuki Swift,2018,PETROL,21650,,1st,695000
Honda Civic,2007,PETROL,55000,,Third,320000
Maruti Suzuki Wagon R,2007,PETROL/LIQUIFIED PETROLEUM GAS,88700,,Second,165000
Maruti Suzuki Swift,2007,PETROL,87000,,3rd,199000
Hyundai Grand I10,2017,PETROL,31163,,2nd,540000
Mercedes-Benz Others,2017,DIESEL,40000,,1st,3299999
Land Rover Range Rover,2013,DIESEL,58000,,2nd,7300000
Hyundai Accent,2006,DIESEL,87000,,4th,99000
Tata Indica V2,2011,DIESEL,87000,,2nd,77000
Hyundai Elite I20,2017,DIESEL,55000,,1st,775000
Hyundai I20,2017,DIESEL,92000,,2nd,560000
Tata Nano,2011,PETROL,53000,,2nd,80000
Hyundai Santro,2005,PETROL,85000,,2nd,165000
Maruti Suzuki Swift,2011,PETROL,69000,,1st,420000
Maruti Suzuki Omni,2006,PETROL,79000,,4th,135000
Maruti Suzuki Swift,2008,PETROL,108000,,3rd,295000
Maruti Suzuki Vitara Brezza,2016,DIESEL,15000,,1st,974999
Volkswagen Polo,2015,PETROL,56000,,2nd,624999
Renault Pulse,2014,DIESEL,63756,,1st,435000
Maruti Suzuki Baleno,2017,PETROL,39640,,1st,755000
Hyundai Verna,2011,DIESEL,68000,,2nd,540000
Hyundai Verna,2012,DIESEL,79000,,Second,440000
Hyundai Tucson,2005,DIESEL,102625,,Third,410000
Honda City,2012,PETROL,71000,,2nd,549999
Mahindra Xylo,2010,DIESEL,99000,,2nd,350000
Honda Amaze,2014,DIESEL,50500,,2nd,445000
Maruti Suzuki Celerio,2014,PETROL,60000,,1st,425000
Hyundai Eon,2014,PETROL,25000,,2nd,320000
Maruti Suzuki Baleno,2016,DIESEL,37000,,1st,750000
Hyundai I20,2015,DIESEL,70000,,2nd,480000
Ford Figo,2011,DIESEL,71000,,1st,299000
Volkswagen Polo,2017,PETROL,63000,,1st,710000
Honda Civic,2006,PETROL,90000,,1st,335000
Maruti Suzuki Swift Dzire,2018,PETROL,14000,,1st,770000
Maruti Suzuki Swift,2008,DIESEL,80000,,2nd,325000
Tata Tigor,2019,ELECTRIC,13500,,1st,785000
Maruti Suzuki Zen Estilo,2010,PETROL,74000,,1st,246000
Toyota Innova,2014,DIESEL,151000,,1st,1375000
Hyundai Elite I20,2018,PETROL,35000,,1st,690000
Mahindra Scorpio,2005,DIESEL,90000,,1st,279000
Toyota Innova Crysta,2020,DIESEL,20000,,1st,2675000
Datsun Go Plus,2018,PETROL,23000,,1st,450000
Skoda Rapid,2018,PETROL,29000,,1st,875000
Maruti Suzuki Swift,2010,DIESEL,69000,,2nd,310000
Maruti Suzuki Swift,2018,PETROL,34000,,1st,599000
Ford Figo,2011,DIESEL,80000,,3rd,249999
Volkswagen Polo,2014,DIESEL,41000,,1st,545000
Maruti Suzuki Omni,1998,PETROL,86000,,1st,105000
Toyota Innova Crysta,2016,DIESEL,68000,,1st,1850000
Maruti Suzuki Omni,2007,PETROL,34113,,2nd,186000
Hyundai Santro Xing,2010,PETROL,95000,,1st,265000
Toyota Etios,2017,DIESEL,163000,,1st,425000
Hyundai Getz,2004,PETROL,78000,,2nd,115000
Hyundai I10,2014,PETROL,27000,,2nd,355000
Mahindra Xylo,2011,DIESEL,86000,,2nd,415000
Hyundai Fluidic Verna,2012,DIESEL,69000,,2nd,485000
Hyundai Elite I20,2018,PETROL,17000,,1st,825000
Toyota Innova,2006,PETROL,161000,,2nd,399000
Hyundai Santro Xing,2014,PETROL,53946,,--,340000
Tata Nano,2012,PETROL,62000,,4th,84000
Skoda Superb,2010,PETROL,62000,,3rd,540000
Maruti Suzuki 800,1997,PETROL,36000,,2nd,90000
Tata Nano,2015,PETROL,12000,,1st,265000
Maruti Suzuki Alto 800,2017,PETROL,19000,,1st,345000
Kia Seltos,2020,DIESEL,10000,,1st,1750000
Renault Kwid,2016,PETROL,78000,,1st,325000
Mahindra Scorpio,2007,DIESEL,127000,,2nd,325000
Mahindra Xuv500,2018,DIESEL,32002,,1st,1775000
Datsun Redigo,2019,PETROL,18104,,1st,399000
Hyundai Santro Xing,2004,PETROL,85000,,2nd,165000
Renault Kwid,2016,PETROL,10000,,1st,325000
Maruti Suzuki Swift Dzire,2016,PETROL,29000,,1st,660000
Toyota Etios,2015,DIESEL,153000,,2nd,360000
Nissan Micra,2016,PETROL,23000,,1st,550000
Maruti Suzuki Celerio,2015,PETROL,29475,,1st,470000
Hyundai Elite I20,2015,PETROL,67070,,--,576000
Hyundai Elite I20,2015,PETROL,122000,,1st,520000
Maruti Suzuki Swift Dzire,2008,PETROL,98688,,3rd,269000
Maruti Suzuki Celerio,2016,DIESEL,28000,,1st,405000
Hyundai Verna,2015,DIESEL,68000,,1st,695000
Maruti Suzuki Wagon R 1.0,2015,PETROL,68000,,1st,425000
Hyundai Verna,2012,DIESEL,65000,,2nd,510000
Hyundai Creta,2018,DIESEL,75000,,1st,1175000
Renault Koleos,2011,DIESEL,82000,,2nd,495000
Toyota Glanza,2020,PETROL,10000,,1st,950000
Maruti Suzuki Alto K10,2014,PETROL,65136,,1st,320000
Chevrolet Aveo U-Va,2009,PETROL,38645,,2nd,119000
Ford Fiesta,2011,PETROL,82000,,2nd,395000
Honda Civic,2008,PETROL,110000,,3rd,289999
Bmw 5 Series,2018,DIESEL,32814,,1st,4350000
Maruti Suzuki Swift,2006,PETROL,85000,,1st,265000
Maruti Suzuki Swift Dzire,2015,PETROL,58495,,1st,590000
Maruti Suzuki Swift,2017,PETROL,15000,,1st,650000
Honda Amaze,2015,DIESEL,66196,,1st,500000
Toyota Etios,2018,DIESEL,82487,,1st,550000
Tata Vista,2010,PETROL,87000,,4th,152000
Tata Indigo Cs,2008,DIESEL,87000,,4th,99000
Fiat Linea,2009,DIESEL,87000,,4th,169000
Honda City Zx,2004,PETROL,87000,,3rd,118000
Maruti Suzuki Swift Dzire,2019,DIESEL,60000,,1st,540000
Maruti Suzuki Swift Dzire,2019,DIESEL,60000,,1st,540000
Maruti Suzuki Swift,2012,DIESEL,82000,,1st,495000
Toyota Etios,2017,DIESEL,130000,,2nd,475000
Toyota Etios,2018,DIESEL,95000,,1st,500000
Chevrolet Spark,2012,PETROL,65000,,1st,185000
Ford Fiesta,2012,DIESEL,130000,,2nd,275000
Hyundai I10,2011,PETROL,81000,,3rd,295000
Maruti Suzuki Alto,2009,PETROL,65000,,1st,195000
Mercedes-Benz New C-Class,2016,PETROL,33878,,2nd,2845000
Maruti Suzuki Eeco,2018,PETROL,29127,,1st,445000
Maruti Suzuki Ciaz,2018,PETROL,11839,,--,783000
Hyundai I10,2010,PETROL,90818,,2nd,265000
Maruti Suzuki Swift,2009,DIESEL,67000,,2nd,320000
Maruti Suzuki Swift,2008,PETROL,57000,,1st,295000
Hyundai I10,2012,PETROL,86000,,2nd,365000
Toyota Innova Crysta,2018,DIESEL,110000,,1st,1950000
Maruti Suzuki Swift Dzire,2017,DIESEL,80000,,1st,330000
Hyundai Elite I20,2016,PETROL,49000,,1st,665000
Hyundai Grand I10,2018,PETROL,8042,,1st,680000
Maruti Suzuki Swift Dzire,2019,DIESEL,69000,,1st,500000
Hyundai I20,2012,DIESEL,87000,,1st,369000
Maruti Suzuki Swift,2012,PETROL,86875,,2nd,399000
Maruti Suzuki Baleno,2017,PETROL,36000,,1st,750000
Hyundai I10,2015,PETROL,65000,,1st,395000
Maruti Suzuki Omni,2015,PETROL,70766,,2nd,265000
Maruti Suzuki Swift,2007,PETROL,94000,,3rd,265000
Volkswagen Jetta,2014,DIESEL,70000,,2nd,875000
Mercedes-Benz Glc Class,2017,DIESEL,33000,,1st,4450000
Toyota Innova,2010,DIESEL,178000,,--,745000
Ford Ecosport,2016,DIESEL,43502,,--,841000
Renault Duster,2012,DIESEL,98558,,4th,389000
Maruti Suzuki Zen Estilo,2009,PETROL,74000,,2nd,169000
Maruti Suzuki Eeco,2014,PETROL,45837,,2nd,285000
Maruti Suzuki Wagon R,2002,LPG,95000,,3rd,145000
Skoda Rapid,2013,DIESEL,54000,,1st,475000
Tata Zest,2016,PETROL,35867,,1st,389000
Ford Ecosport,2014,DIESEL,27000,,1st,685000
Hyundai Accent,2009,PETROL,94000,,2nd,195000
Hyundai Grand I10,2018,PETROL,35000,,1st,585000
Toyota Innova,2016,DIESEL,95000,,1st,1125000
Maruti Suzuki Ertiga,2013,DIESEL,110000,,2nd,645000
Skoda Rapid,2016,DIESEL,55000,,2nd,595000
Mahindra Xuv500,2015,DIESEL,55000,,1st,1095000
Hyundai Elite I20,2018,PETROL,11000,,1st,895000
Toyota Innova,2012,DIESEL,95000,,2nd,875000
Maruti Suzuki Swift Dzire,2017,PETROL,35732,,1st,669000
Maruti Suzuki Alto 800,2016,PETROL,29720,,--,305000
Hyundai Grand I10 Nios,2021,PETROL,1,,--,598985
Toyota Etios,2016,DIESEL,159000,,2nd,410000
Maruti Suzuki Swift Dzire,2019,PETROL,9000,,1st,744000
Maruti Suzuki Alto 800,2014,PETROL,65000,,2nd,285000
Volkswagen Ameo,2018,PETROL,21272,,2nd,580000
Mahindra Kuv 100,2018,DIESEL,27000,,2nd,625000
Maruti Suzuki Ritz,2011,PETROL,60000,,2nd,365000
Maruti Suzuki Vitara Brezza,2017,DIESEL,29000,,1st,875000
Hyundai Verna,2012,DIESEL,77000,,2nd,490000
Maruti Suzuki Vitara Brezza,2018,DIESEL,55000,,1st,925000
Maruti Suzuki Ignis,2017,PETROL,27500,,1st,585000
Chevrolet Beat,2014,PETROL,32000,,1st,275000
Maruti Suzuki Swift Dzire,2015,DIESEL,84000,,2nd,295000
Mahindra Xylo,2017,DIESEL,120000,,1st,365000
Maruti Suzuki Alto 800,2017,PETROL,19000,,1st,340000
Maruti Suzuki Vitara Brezza,2018,DIESEL,35000,,2nd,925000
Honda Brio,2011,PETROL,61339,,2nd,335000
Maruti Suzuki Swift,2018,PETROL,25023,,--,725000
Hyundai Grand I10,2014,PETROL,71000,,1st,465000
Hyundai I20,2015,PETROL,75000,,1st,590000
Maruti Suzuki Celerio,2014,PETROL,84000,,2nd,385000
Maruti Suzuki Swift Dzire,2013,PETROL,85000,,1st,480000
Honda City,2002,PETROL,56000,,4th,349999
Maruti Suzuki Celerio,2017,PETROL,47000,,1st,474999
Maruti Suzuki Eeco,2015,PETROL,60000,,1st,374999
Mahindra Scorpio,2004,DIESEL,117000,,1st,279999
Maruti Suzuki Omni,2016,PETROL,67000,,2nd,284999
Hyundai I10,2013,PETROL,69000,,2nd,349999
Fiat Linea,2011,PETROL,96000,,1st,374999
Mahindra Scorpio,2007,DIESEL,108000,,4+,274999
Maruti Suzuki Alto K10,2011,PETROL,75000,,3rd,214999
Hyundai Getz,2009,DIESEL,70000,,2nd,224999
Hyundai Santro,1999,PETROL,60000,,4th,99999
Honda City,2001,PETROL,16000,,2nd,549999
Hyundai Elite I20,2015,DIESEL,69642,,--,630000
Renault Duster,2013,DIESEL,87000,,3rd,625000
Toyota Corolla Altis,2009,PETROL,153000,,3rd,325000
Ford Figo,2013,DIESEL,86000,,1st,345000
Toyota Innova,2015,DIESEL,74000,,2nd,1150000
Mahindra Scorpio,2004,DIESEL,117000,,1st,265000
Maruti Suzuki Swift,2016,PETROL,43000,,1st,625000
Volkswagen Polo,2019,PETROL,50000,,1st,975000
Skoda Rapid,2013,DIESEL,54000,,1st,495000
Maruti Suzuki Eeco,2014,PETROL,84000,,2nd,325000
Maruti Suzuki Celerio,2015,PETROL,68000,,1st,375000
Skoda Rapid,2012,DIESEL,89765,,1st,369000
Chevrolet Sail,2013,DIESEL,75000,,1st,310000
Maruti Suzuki Swift,2006,PETROL,85000,,1st,260000
Other Brands Others,2012,DIESEL,80000,,3rd,825000
Hyundai Getz,2008,PETROL,86752,,4th,118000
Tata Indica,2005,DIESEL,86000,,1st,115000
Maruti Suzuki Swift Dzire,2018,DIESEL,35000,,1st,775000
Hyundai Venue,2019,PETROL,15717,,1st,999000
Tata Nexon,2019,PETROL,6566,,1st,880000
Ford Figo,2011,DIESEL,65000,,2nd,225000
Maruti Suzuki Swift Dzire,2016,DIESEL,61000,,2nd,300000
Ford Figo,2015,DIESEL,74000,,1st,269000
Mahindra E Verito,2016,DIESEL,165555,,1st,265000
Maruti Suzuki Swift,2008,PETROL,86754,,3rd,268000
Maruti Suzuki Alto,2009,PETROL,91000,,2nd,185000
Maruti Suzuki Celerio,2015,PETROL,65000,,1st,375000
Maruti Suzuki Ritz,2010,DIESEL,90000,,2nd,325000
Toyota Innova,2012,DIESEL,141000,,2nd,900000
Maruti Suzuki Swift,2008,PETROL,78000,,1st,295000
Maruti Suzuki Swift,2009,DIESEL,67000,,2nd,320000
Maruti Suzuki Omni,2012,PETROL,46000,,2nd,245000
Hyundai Getz Prime,2008,PETROL,78000,,1st,200000
Hyundai Santro Xing,2006,PETROL,85000,,2nd,185000
Mahindra Xuv500,2015,DIESEL,98000,,3rd,875000
Maruti Suzuki Swift,2014,DIESEL,83000,,1st,575000
Hyundai I10,2010,PETROL,75000,,2nd,300000
Maruti Suzuki Swift,2017,DIESEL,19666,,1st,749000
Maruti Suzuki Esteem,2006,PETROL,55000,,2nd,150000
Maruti Suzuki Swift,2015,DIESEL,85000,,1st,550000
Maruti Suzuki Swift,2010,DIESEL,81000,,2nd,350000
Maruti Suzuki Vitara Brezza,2018,DIESEL,50000,,1st,950000
Hyundai I20,2011,PETROL,80000,,2nd,320000
Maruti Suzuki Baleno,2015,PETROL,33000,,2nd,585000
Maruti Suzuki Alto,2005,PETROL,77000,,1st,170000
Maruti Suzuki Eeco,2016,PETROL,19000,,1st,380000
Maruti Suzuki Swift,2016,DIESEL,89000,,1st,625000
Toyota Innova,2013,DIESEL,163000,,2nd,1110000
Maruti Suzuki Eeco,2017,PETROL,69000,,1st,385000
Maruti Suzuki Swift,2016,PETROL,49000,,1st,630000
Honda City Zx,2007,PETROL,78000,,2nd,315000
Volkswagen Polo,2017,PETROL,41000,,1st,675000
Hyundai Getz,2005,PETROL,58000,,4th,160000
Maruti Suzuki Wagon R,2006,PETROL,65000,,2nd,155000
Toyota Innova,2007,DIESEL,170000,,4th,410000
Hyundai I20,2014,DIESEL,58000,,2nd,525000
Maruti Suzuki Baleno,2017,PETROL,39000,,1st,740000
Ford Figo,2010,PETROL,77000,,1st,265000
Tata Indica V2,2015,DIESEL,215000,,1st,100000
Hyundai Grand I10,2014,PETROL,86761,,1st,410000
Hyundai Santro Xing,2009,PETROL,72000,,1st,210000
Skoda Rapid,2012,DIESEL,98682,,3rd,369000
Renault Pulse,2012,DIESEL,78646,,3rd,245000
Maruti Suzuki Ertiga,2013,DIESEL,86000,,2nd,585000
Volkswagen Polo,2013,DIESEL,94000,,2nd,499000
Maruti Suzuki Alto,2011,PETROL,45000,,2nd,265000
Honda City,2017,PETROL,15676,,1st,945000
Maruti Suzuki Celerio,2014,PETROL,75000,,1st,385000
Maruti Suzuki Omni,2000,PETROL,40000,,2nd,70000
Maruti Suzuki Eeco,2012,PETROL,54000,,1st,285000
Maruti Suzuki Swift,2009,DIESEL,95000,,2nd,320000
Maruti Suzuki Alto K10,2015,PETROL,32000,,2nd,315000
Mahindra Xuv500,2013,DIESEL,121000,,1st,825000
Honda Amaze,2018,PETROL,37078,,--,750000
Hyundai I20 Active,2015,DIESEL,82869,,--,649000
Hyundai Elite I20,2015,DIESEL,48000,,2nd,595000
Ashok Leyland Stile,2012,DIESEL,1003,,2nd,300000
Maruti Suzuki Swift Dzire,2019,DIESEL,42000,,1st,690000
Hyundai Grand I10,2020,PETROL,2000,,1st,570000
Hyundai Grand I10,2017,DIESEL,47000,,1st,275000
Hyundai I10,2009,PETROL,70000,,2nd,285000
Toyota Innova,2008,DIESEL,180000,,2nd,645000
Mercedes-Benz Slk-Class,2015,PETROL,3856,,1st,6500000
Hyundai Santro Xing,2010,PETROL,61000,,1st,300000
Maruti Suzuki Alto,2011,PETROL,40000,,1st,265000
Hyundai Santro Xing,2006,PETROL,65000,,3rd,170000
Skoda Rapid,2013,PETROL,102000,,2nd,440000
Tata Indica V2,2015,DIESEL,46618,,2nd,160000
Maruti Suzuki Swift,2015,PETROL,37673,,1st,495000
Maruti Suzuki Alto K10,2017,PETROL,26865,,--,375000
Mahindra Bolero,2020,DIESEL,23000,,1st,1000000
Honda Brio,2013,PETROL,63000,,3rd,285000
Volkswagen Polo,2015,DIESEL,40000,,1st,600000
Maruti Suzuki Celerio,2016,PETROL,86000,,1st,475000
Tata Indica Ev2,2012,DIESEL,87000,,1st,125000
Hyundai I10,2010,PETROL,65000,,2nd,270000
Maruti Suzuki Omni,2008,PETROL,67000,,1st,175000
Hyundai Santro Xing,2010,PETROL,70000,,1st,235000
Ford Figo,2012,DIESEL,69000,,2nd,320000
Fiat Linea,2012,PETROL,80000,,3rd,320000
Honda Civic,2007,PETROL,100000,,2nd,310000
Hyundai Santro Xing,2004,PETROL,75000,,3rd,155000
Ford Fiesta,2009,DIESEL,72000,,1st,195000
Toyota Fortuner,2014,DIESEL,178000,,2nd,1495000
Mahindra Xylo,2012,DIESEL,65000,,1st,525000
Maruti Suzuki Vitara Brezza,2017,DIESEL,82000,,1st,795000
Volkswagen Vento,2012,DIESEL,54000,,1st,475000
Toyota Innova,2014,DIESEL,129000,,2nd,1385000
Hyundai Elite I20,2018,--,55832,,1st,735000
Maruti Suzuki Alto 800,2014,PETROL,28000,,1st,275000
Maruti Suzuki Swift,2009,PETROL,72000,,2nd,325000
Maruti Suzuki Swift Dzire,2016,PETROL,41000,,1st,680000
Hyundai I10,2009,PETROL,69000,,3rd,250000
Maruti Suzuki Eeco,2017,PETROL,55000,,2nd,385000
Maruti Suzuki Swift,2007,PETROL,65000,,2nd,275000
Maruti Suzuki Alto 800,2013,PETROL,53000,,2nd,275000
Maruti Suzuki Zen (1995),1995,PETROL,100000,,4th,55000
Tata Sumo Gold,2014,DIESEL,65000,,1st,410000
Maruti Suzuki Celerio,2014,PETROL,72000,,2nd,390000
Maruti Suzuki Swift,2016,PETROL,65000,,3rd,570000
Maruti Suzuki Alto 800,2017,PETROL,19000,,1st,340000
Maruti Suzuki Swift Dzire,2017,PETROL,89000,,1st,590000
Maruti Suzuki Omni,2015,PETROL,65000,,2nd,275000
Hyundai Santro Xing,2007,PETROL,68000,,2nd,185000
Ford Ecosport,2017,DIESEL,40318,,--,943000
Honda Jazz,2018,DIESEL,60756,,1st,790000
Hyundai Creta,2017,DIESEL,51000,,1st,1250000
Maruti Suzuki Swift,2009,PETROL,85000,,2nd,310000
Mahindra Scorpio,2011,DIESEL,95000,,1st,580000
Maruti Suzuki Swift,2007,DIESEL,90000,,3rd,270000
Maruti Suzuki Swift Dzire,2016,PETROL,30000,,1st,650000
Mahindra Xuv500,2016,DIESEL,72000,,1st,1125000
Maruti Suzuki Eeco,2017,PETROL,59000,,1st,385000
Hyundai I10,2010,PETROL,58000,,1st,2850000
Mahindra Xylo,2018,DIESEL,84652,,1st,448000
Maruti Suzuki Baleno,2015,DIESEL,75000,,2nd,645000
Maruti Suzuki Baleno,2018,PETROL,12590,,1st,700000
Maruti Suzuki Swift Dzire,2008,PETROL,91000,,3rd,235000
Maruti Suzuki Alto K10,2016,PETROL,45000,,1st,285000
Toyota Platinum Etios,2019,DIESEL,61613,,1st,701000
Toyota Platinum Etios,2019,DIESEL,34000,,1st,700000
Hyundai Fluidic Verna,2013,PETROL,72000,,2nd,370000
Hyundai Grand I10,2018,PETROL,48405,,--,596000
Mahindra Xuv500,2017,DIESEL,60000,,1st,1475000
Ford Ecosport,2014,PETROL,37407,,--,610000
Toyota Etios,2019,DIESEL,27386,,1st,610000
Maruti Suzuki Swift Dzire,2018,DIESEL,56999,,1st,450000
Maruti Suzuki Swift Dzire,2018,DIESEL,66345,,1st,450000
Maruti Suzuki Swift Dzire,2019,DIESEL,50333,,1st,545000
Maruti Suzuki Swift Dzire,2019,DIESEL,47651,,1st,555000
Maruti Suzuki Swift Dzire,2019,DIESEL,46819,,1st,675000
Maruti Suzuki Swift Dzire,2019,DIESEL,36000,,1st,540000
Ford Ecosport,2017,PETROL,36100,,2nd,760000
Toyota Innova Crysta,2019,DIESEL,33000,,1st,2225000
Maruti Suzuki Swift,2009,PETROL,78000,,1st,375000
Volkswagen Vento,2014,PETROL,54000,,2nd,525000
Honda City Zx,2006,PETROL,95000,,2nd,225000
Volkswagen Polo,2013,DIESEL,82000,,2nd,435000
Maruti Suzuki Swift,2006,PETROL,82000,,2nd,245000
Mitsubishi Pajero Sport,2013,DIESEL,93000,,2nd,1050000
Renault Duster,2014,DIESEL,51898,,2nd,645000
Nissan Micra,2015,--,13123,,1st,465000
Maruti Suzuki Wagon R Duo,2009,PETROL,87000,,2nd,235000
Toyota Fortuner,2012,DIESEL,106000,,2nd,1425000
Maruti Suzuki Vitara Brezza,2016,DIESEL,88113,,--,850000
Hyundai Eon,2013,PETROL,70751,,--,260000
Mahindra Scorpio,2011,DIESEL,95000,,1st,585000
Maruti Suzuki Swift Dzire,2019,DIESEL,35963,,1st,540000
Maruti Suzuki Swift Dzire,2019,DIESEL,38900,,1st,560000
Ford Fiesta Classic,2014,DIESEL,125000,,2nd,265000
Maruti Suzuki Alto K10,2013,PETROL,33000,,2nd,295000
Maruti Suzuki Swift Dzire,2019,DIESEL,42609,,1st,545000
Hyundai I20,2013,DIESEL,86000,,2nd,430000
Tata Indica V2 Xeta,2006,PETROL,50000,,1st,150000
Toyota Innova Crysta,2018,DIESEL,88000,,1st,1950000
Maruti Suzuki Alto 800,2015,PETROL,70000,,1st,310000
Hyundai Creta,2016,PETROL,77000,,1st,1050000
Mahindra Scorpio,2005,DIESEL,100000,,4th,250000
Maruti Suzuki Alto 800,2014,PETROL,30808,,--,270000
Maruti Suzuki S-Cross,2016,DIESEL,24251,,1st,785000
Audi Q3,2016,DIESEL,40788,,1st,2550000
Maruti Suzuki Alto K10,2011,PETROL,99200,,3rd,215000
Maruti Suzuki Wagon R 1.0,2016,PETROL,48000,,1st,450000
Mahindra Xuv500,2014,DIESEL,70000,,1st,850000
Maruti Suzuki Sx4,2008,PETROL,103500,,1st,255000
Mahindra Tuv 300,2016,DIESEL,51000,,1st,685000
Maruti Suzuki Swift,2010,PETROL,72477,,2nd,365000
Maruti Suzuki Ertiga,2017,DIESEL,33629,,1st,890000
Hyundai I20 Active,2017,PETROL,32500,,1st,745000
Maruti Suzuki Zen,2004,PETROL,70000,,3rd,155000
Hyundai Grand I10,2015,PETROL,49000,,1st,565000
Toyota Innova,2012,PETROL,202581,,2nd,845000
Volkswagen Vento,2010,DIESEL,85364,,1st,385000
Maruti Suzuki Swift Dzire,2018,DIESEL,37098,,1st,785000
Hyundai I10,2010,PETROL,55000,,2nd,285000
Kia Others,2021,DIESEL,4000,,1st,1450000
Maruti Suzuki Celerio,2016,PETROL,61282,,1st,475000
Maruti Suzuki Alto,2010,PETROL,77000,,2nd,188000
Hyundai Xcent,2014,PETROL,29903,,1st,489000
Maruti Suzuki Swift,2007,PETROL,76000,,1st,335000
Maruti Suzuki Alto,2005,PETROL,77000,,1st,165000
Ford Fiesta,2008,PETROL,72000,,2nd,245000
Maruti Suzuki Omni,2017,PETROL,60000,,2nd,299000
Honda Jazz,2017,PETROL,37000,,1st,800000
Mahindra Scorpio,2009,DIESEL,115000,,2nd,450000
Maruti Suzuki Wagon R,2015,PETROL,37000,,1st,425000
Maruti Suzuki Estilo,2007,PETROL,75000,,2nd,185000
Honda City,2016,PETROL,14337,,1st,850000
Volkswagen Polo,2018,PETROL,27000,,1st,725000
Honda City,2015,PETROL,62000,,2nd,745000
Honda City Zx,2007,PETROL,85000,,2nd,245000
Maruti Suzuki Alto K10,2016,PETROL,18000,,1st,385000
Fiat Linea,2010,DIESEL,65000,,1st,350000
Honda City,2011,PETROL,78000,,1st,475000
Renault Duster,2015,DIESEL,40000,,2nd,650000
Maruti Suzuki Swift,2018,DIESEL,29000,,2nd,825000
Maruti Suzuki Celerio,2016,PETROL,65871,,1st,420000
Mahindra Xylo,2012,DIESEL,69000,,1st,485000
Ford Figo,2012,--,76896,,2nd,355000
Maruti Suzuki Ertiga,2015,DIESEL,71000,,2nd,745000
Toyota Corolla,2008,PETROL,112000,,2nd,365000
Volkswagen Polo,2015,PETROL,39373,,2nd,775000
Ford Ecosport,2019,DIESEL,32887,,1st,1090000
Maruti Suzuki Alto K10,2017,PETROL,28000,,1st,385000
Hyundai Elite I20,2015,PETROL,55000,,2nd,595000
Mahindra Xylo,2012,DIESEL,79000,,1st,427000
Toyota Innova,2016,DIESEL,110000,,1st,730000
Renault Kwid,2016,PETROL,64304,,1st,340000
Mitsubishi Pajero Sport,2015,DIESEL,27000,,2nd,1350000
Maruti Suzuki Swift Dzire,2010,PETROL,108340,,2nd,365000
Volkswagen Vento,2012,PETROL,54000,,1st,475000
Hyundai Creta,2018,DIESEL,35000,,1st,1350000
Maruti Suzuki Swift,2014,PETROL,45881,,--,510000
Chevrolet Aveo,2007,PETROL,79000,,1st,225000
Volkswagen Polo,2012,PETROL,79533,,--,402000
Maruti Suzuki Swift Dzire,2010,PETROL,108340,,2nd,365000
Volkswagen Vento,2012,PETROL,54000,,1st,475000
Hyundai Creta,2018,DIESEL,35000,,1st,1350000
Ford Fiesta,2006,DIESEL,77000,,2nd,225000
Hyundai Creta,2016,PETROL,40415,,1st,1185000
Maruti Suzuki Swift,2018,PETROL,34000,,1st,599000
Maruti Suzuki Swift Dzire,2019,DIESEL,36000,,1st,545000
Maruti Suzuki Swift Dzire,2019,DIESEL,42609,,1st,550000
Tata Zest,2017,DIESEL,100000,,1st,310000
Hyundai Creta,2017,DIESEL,78000,,1st,1350000
Nissan Micra,2011,PETROL,63356,,1st,285000
Hyundai I10,2010,PETROL,90818,,2nd,265000
Hyundai Elite I20,2017,PETROL,40673,,2nd,685000
Mahindra Bolero,2017,DIESEL,67000,,1st,790000
Tata Nano,2015,PETROL,18000,,1st,275000
Nissan Micra,2015,--,13123,,1st,465000
Hyundai Grand I10,2016,PETROL,42897,,--,479000
Hyundai Elite I20,2018,PETROL,35000,,1st,690000
Honda City,2009,PETROL,95000,,2nd,395000
Toyota Innova,2009,DIESEL,170000,,2nd,725000
Hyundai I10,2012,PETROL,15000,,2nd,360000
Toyota Innova Crysta,2016,DIESEL,58000,,1st,1930000
Honda Amaze,2013,DIESEL,56000,,1st,445000
Maruti Suzuki Swift,2010,DIESEL,92000,,3rd,340000
Hyundai Elite I20,2019,PETROL,15000,,1st,800000
Maruti Suzuki Ertiga,2015,DIESEL,72000,,1st,725000
Toyota Innova,2009,DIESEL,130000,,2nd,710000
Maruti Suzuki Alto K10,2011,PETROL,84000,,1st,245000
Skoda Superb,2012,DIESEL,70000,,1st,1075000
Hyundai I20 Active,2017,PETROL,31000,,1st,710000
Hyundai Creta,2016,DIESEL,36000,,1st,1225000
Chevrolet Tavera Neo,2006,DIESEL,72000,,2nd,325000
Hyundai Grand I10,2017,PETROL,18063,,1st,595000
Maruti Suzuki Baleno,2016,PETROL,59816,,--,617000
Hyundai Grand I10,2016,PETROL,12736,,1st,580000
Volkswagen Polo,2013,PETROL,45521,,2nd,499000
Maruti Suzuki Swift,2008,PETROL,65800,,3rd,280000
Maruti Suzuki Swift,2009,DIESEL,83000,,1st,330000
Hyundai I10,2010,PETROL,60000,,1st,290000
Volkswagen Ameo,2018,DIESEL,18880,,1st,730000
Maruti Suzuki Swift Dzire Tour,2018,DIESEL,72345,,1st,450000
Maruti Suzuki Alto K10,2016,PETROL,43373,,2nd,335000
Ford Ecosport,2014,DIESEL,89000,,2nd,620000
Ford Aspire,2017,DIESEL,41917,,1st,620000
Maruti Suzuki Ertiga,2017,DIESEL,82000,,2nd,760000
Toyota Innova,2012,DIESEL,131000,,2nd,995000
Maruti Suzuki Ciaz,2018,PETROL,12000,,1st,940000
Hyundai I10,2011,PETROL,69000,,1st,365000
Honda City,2015,PETROL,62000,,2nd,745000
Toyota Innova Crysta,2018,DIESEL,35000,,1st,2350000
Honda Amaze,2015,DIESEL,66000,,1st,467000
Maruti Suzuki Ertiga,2016,PETROL,54000,,1st,750000
Maruti Suzuki Eeco,2018,PETROL,29127,,1st,445000
Maruti Suzuki Swift Dzire,2008,DIESEL,81908,,2nd,299000
Ford Ecosport,2018,DIESEL,36123,,1st,995000
Maruti Suzuki Swift,2010,PETROL,54000,,2nd,370000
Hyundai Xcent,2014,PETROL,29903,,1st,489000
Maruti Suzuki Celerio,2014,PETROL,62000,,1st,425000
Hyundai I10,2010,PETROL,48000,,1st,310000
Hyundai I10,2011,PETROL,65000,,2nd,310000
Renault Duster,2014,DIESEL,51898,,2nd,645000
Maruti Suzuki Esteem,2006,PETROL,55000,,2nd,150000
Honda Brio,2015,PETROL,35000,,1st,445000
Tata Nexon,2019,DIESEL,8400,,1st,900000
Maruti Suzuki Eeco,2017,PETROL,81019,,1st,365000
Hyundai Creta,2015,PETROL,33000,,1st,975000
Ford Figo,2011,PETROL,53000,,2nd,275000
Hyundai I20,2011,DIESEL,98000,,2nd,375000
Honda Brio,2013,PETROL,63500,,2nd,375000
Mahindra Tuv 300,2016,DIESEL,61600,,Second,685000
Maruti Suzuki Zen,1999,PETROL,55000,,Second,85000
Tata Altroz,2020,DIESEL,26500,,First,980000
Hyundai Santro Xing (2003),2003,PETROL,91190,,Third,138000
Maruti Suzuki Celerio,2014,PETROL,77500,,Second,380000
Maruti Suzuki Omni,2014,PETROL,41000,,First,290000
Maruti Suzuki Wagon R,2008,PETROL,82000,,Second,175000
Volkswagen Jetta,2009,DIESEL,55000,,First,799000
Honda City,2009,PETROL,96900,,Second,360000
Maruti Suzuki Swift,2009,DIESEL,104000,,Second,310000
Maruti Suzuki Alto K10,2018,PETROL,52200,,First,320000
Chevrolet Cruze,2014,DIESEL,99000,,Second,700000
Renault Duster,2014,DIESEL,62000,,Second,625000
Ford Figo,2019,PETROL,6000,,First,680000
Kia Seltos,2019,PETROL,5300,,First,1760000
Audi A4,2015,DIESEL,73200,,Second,1850000
Maruti Suzuki Sx4,2011,PETROL,80000,,Third,300000
Fiat Palio,2006,PETROL,100356,,Second,70000
,2012,,73171,,,390000
Hyundai I10,2008,PETROL,105000,,Fourth,180000
Maruti Suzuki Eeco,2019,PETROL,17500,,First,420000
Nissan Terrano,2014,PETROL,82000,,Third,525000
Mahindra Jeep,2005,DIESEL,59000,,Second,420000
