Car Name,Year,Fuel,Car Driven,Transmission,Owner,price
Toyota Fortuner,2019,PETROL,6200,,1st,2995000
Audi A3,2017,DIESEL,39000,,1st,1975000
Mahindra Alturas G4,2018,DIESEL,19000,,1st,2500000
Maruti Suzuki Wagon R,2016,PETROL,100000,,Second,255000
Hyundai Getz,2007,PETROL,90000,,Third,75000
Hyundai I20,2009,CNG & HYBRIDS,88000,,3rd,200000
Hyundai I10,2008,PETROL,75000,,2nd,165000
Maruti Suzuki Swift,2018,PETROL,36000,,1st,550000
Maruti Suzuki Swift Dzire,2010,PETROL,93000,,3rd,210000
Mahindra Thar,2013,DIESEL,40000,,2nd,450000
Maruti Suzuki Wagon R,2007,PETROL,36500,,2nd,107000
Maruti Suzuki Wagon R 1.0,2015,PETROL,48000,,1st,375000
Maruti Suzuki Wagon R,2009,PETROL,50000,,1st,150000
Maruti Suzuki Wagon R,2020,CNG & HYBRIDS,23000,,1st,550000
Maruti Suzuki Wagon R,2021,PETROL,7500,,1st,575000
Mercedes-Benz E-Class,2011,DIESEL,39000,,2nd,1099000
Maruti Suzuki Wagon R,2020,CNG & HYBRIDS,15000,,1st,550000
Renault Kwid,2016,PETROL,26000,,1st,296000
Maruti Suzuki Baleno,2016,PETROL,40530,,1st,615000
Maruti Suzuki Vitara Brezza,2020,DIESEL,13950,,1st,1185000
Hyundai Verna,2012,DIESEL,95000,,1st,400000
Maruti Suzuki Ertiga,2021,PETROL,1,,--,911553
Toyota Others,1996,DIESEL,46422,,2nd,500000
Mahindra Scorpio,2008,DIESEL,120000,,First,270000
Hyundai Xcent,2020,CNG,50000,,First,585000
Maruti Suzuki Grand Vitara,2019,DIESEL,21000,,1st,978000
Maruti Suzuki Xl6,2020,PETROL,8500,,1st,1145000
Hyundai Santro Xing,2009,PETROL,90000,,3rd,80000
Hyundai Creta,2016,DIESEL,59800,,1st,1025000
Ford Ecosport,2017,PETROL,8221,,2nd,675000
Maruti Suzuki Alto 800,2017,PETROL,33686,,1st,245000
Hyundai Grand I10,2014,DIESEL,105794,,1st,380000
Mahindra Xuv500,2012,DIESEL,109000,,1st,625000
Maruti Suzuki Baleno,2017,PETROL,38100,,1st,745000
Mercedes-Benz New C-Class,2003,PETROL,108500,,2nd,399000
Honda City,2015,PETROL,47937,,--,590000
Maruti Suzuki Ciaz,2018,PETROL,59349,,--,815000
Toyota Corolla Altis,2009,PETROL,52820,,--,365000
Honda Accord,2007,CNG & HYBRIDS,120000,,2nd,165000
Maruti Suzuki Alto K10,2012,PETROL,65280,,2nd,170000
Maruti Suzuki Wagon R,2021,PETROL,1,,--,546035
Bmw 5 Series,2019,DIESEL,41000,,1st,4500000
Toyota Yaris,2018,PETROL,34200,,First,880000
Skoda Superb,2015,DIESEL,77290,,First,1175000
Hyundai I20,2010,PETROL,43000,,3rd,185000
Mercedes-Benz Gla Class,2019,DIESEL,7400,,1st,3500000
Maruti Suzuki Sx4,2007,PETROL,50000,,2nd,130000
Hyundai Getz Prime,2008,PETROL,68000,,2nd,75000
Hyundai Creta,2016,PETROL,39000,,1st,1050000
Maruti Suzuki Alto,2008,PETROL,48511,,2nd,100000
Ford Ecosport,2019,DIESEL,25000,,1st,825000
Toyota Land Cruiser,2003,DIESEL,140123,,1st,1600000
Maruti Suzuki Swift Dzire,2009,CNG & HYBRIDS,109000,,2nd,245000
Maruti Suzuki Swift Dzire,2009,PETROL,94000,,1st,239500
Volkswagen Vento,2016,DIESEL,53000,,1st,665000
Honda City,2005,PETROL,84500,,1st,95000
Mahindra Scorpio,2019,DIESEL,63000,,1st,1150000
Hyundai I20,2010,PETROL,41000,,1st,245000
Maruti Suzuki Ritz,2011,DIESEL,61050,,2nd,275000
Maruti Suzuki Sx4,2013,PETROL,47284,,--,399000
Hyundai Grand I10 Nios,2021,PETROL,1,,--,577713
Maruti Suzuki Ciaz,2018,PETROL,36000,,1st,965000
Volkswagen Vento,2011,PETROL,40130,,First,350000
Maruti Suzuki Swift Dzire,2015,DIESEL,120000,,First,315000
Mercedes-Benz Glc Class,2017,DIESEL,38000,,1st,3750000
Hyundai Verna,2010,DIESEL,81000,,2nd,261000
Hyundai Santro Xing,2009,PETROL,71000,,2nd,165000
Toyota Innova Crysta,2018,DIESEL,40955,,1st,1695000
Maruti Suzuki Wagon R,2014,CNG & HYBRIDS,79000,,1st,339000
Hyundai I20,2011,DIESEL,84000,,2nd,325000
Maruti Suzuki Wagon R,2007,PETROL,36100,,2nd,99000
Toyota Innova Crysta,2017,DIESEL,89329,,1st,1675000
Maruti Suzuki Swift,2018,PETROL,16500,,1st,700000
Toyota Innova,2006,DIESEL,120000,,1st,315000
Hyundai Verna,2013,PETROL,91232,,1st,465000
Toyota Innova,2013,DIESEL,81000,,2nd,750000
Mahindra Thar,2015,DIESEL,41000,,2nd,725000
Honda Amaze,2017,PETROL,30000,,1st,515000
Toyota Innova,2013,DIESEL,98000,,1st,700000
Skoda Laura,2010,DIESEL,77000,,2nd,299999
Maruti Suzuki Celerio,2017,PETROL,19458,,--,465000
Maruti Suzuki Swift,2014,PETROL,30730,,--,415000
Maruti Suzuki Swift Dzire,2016,DIESEL,180000,,First,260000
Maruti Suzuki Eeco,2010,CNG,160000,,Third,180000
Maruti Suzuki Baleno,2018,PETROL,20000,,1st,625000
Toyota Innova,2008,DIESEL,103000,,1st,395000
Mercedes-Benz Others,2014,DIESEL,44500,,1st,1275000
Maruti Suzuki Celerio,2016,PETROL,38660,,1st,435000
Honda Mobilio,2014,PETROL,34802,,1st,549000
Honda Cr-V,2007,CNG & HYBRIDS,69000,,1st,325000
Hyundai I20,2011,PETROL,80000,,4th,225000
Hyundai Santro Xing,2007,PETROL,68000,,2nd,85000
Hyundai I20,2011,PETROL,60000,,1st,285000
Hyundai Venue,2021,DIESEL,1234,,1st,15000
Hyundai Creta,2018,PETROL,18000,,1st,995000
Toyota Innova Crysta,2017,DIESEL,80000,,1st,1651000
Toyota Etios,2017,DIESEL,155000,,1st,375000
Hyundai I20,2012,PETROL,52000,,2nd,285000
Honda City,2017,PETROL,16370,,1st,825000
Mahindra Bolero,2014,DIESEL,54000,,1st,445000
Mercedes-Benz Gl-Class,2015,DIESEL,97000,,2nd,3395000
Maruti Suzuki Wagon R,2009,LPG,98297,,1st,145000
Mahindra Marazzo,2018,DIESEL,74000,,First,950000
Hyundai I20,2010,PETROL,98000,,Third,190000
Maruti Suzuki S-Presso,2021,CNG & HYBRIDS,123,,1st,100000
Honda City,2013,PETROL,33000,,1st,455000
Hyundai I20,2009,CNG & HYBRIDS,99000,,3rd,215000
Maruti Suzuki Estilo,2009,PETROL,91000,,1st,155000
Hyundai Creta,2017,PETROL,30000,,2nd,1075000
Maruti Suzuki Swift Dzire,2015,DIESEL,48505,,1st,555000
Maruti Suzuki Wagon R,2018,CNG & HYBRIDS,73171,,1st,90000
Skoda Laura,2009,DIESEL,86000,,1st,300000
Skoda Superb,2015,PETROL,44000,,1st,1175000
Mercedes-Benz E-Class,2014,PETROL,19000,,1st,2150000
Maruti Suzuki Baleno,2016,PETROL,22273,,1st,699000
Maruti Suzuki A-Star,2009,PETROL,61545,,3rd,130000
Chevrolet Spark,2008,PETROL,61000,,2nd,99000
Hyundai I20,2011,PETROL,75000,,2nd,295000
Toyota Innova Crysta,2017,DIESEL,28000,,1st,1751000
Honda City,2015,PETROL,33325,,1st,770000
Hyundai Creta,2018,PETROL,38612,,1st,1085000
Toyota Corolla Altis,2008,PETROL,90000,,Third,265000
Maruti Suzuki 800,2005,PETROL,50000,,Third,49999
Nissan Terrano,2015,DIESEL,75000,,2nd,521000
Honda Jazz,2013,PETROL,40000,,2nd,375000
Mercedes-Benz Others,2011,DIESEL,52000,,2nd,950000
Tata Safari,2021,DIESEL,123,,1st,190000
Skoda Superb,2017,PETROL,42000,,1st,1850000
Hyundai Grand I10,2014,PETROL,29000,,1st,385000
Audi A6,2016,PETROL,61000,,2nd,2250000
Maruti Suzuki Swift,2021,PETROL,123,,1st,40000
Bmw X1,2019,DIESEL,26000,,1st,3550000
Mercedes-Benz New C-Class,2019,DIESEL,8800,,1st,4190000
Mahindra Scorpio,2016,DIESEL,84000,,2nd,870000
Hyundai I10,2011,CNG & HYBRIDS,79000,,2nd,289000
Hyundai Creta,2017,PETROL,14000,,1st,1175000
Tata Altroz,2021,DIESEL,865,,1st,100000
Jaguar Xj,2012,DIESEL,28000,,1st,3190000
Hyundai Elite I20,2018,PETROL,14000,,1st,780000
Toyota Innova,2009,DIESEL,166000,,2nd,475000
Toyota Commuter,2017,DIESEL,8532,,1st,4800000
Toyota Innova,2008,DIESEL,83000,,Third,299000
Bmw X1,2018,DIESEL,34450,,First,4000000
Hyundai Creta,2017,PETROL,30000,,1st,1135000
Honda City,2009,PETROL,45000,,3rd,215000
Hyundai Verna,2015,PETROL,36800,,1st,615000
Bmw 5 Series,2014,DIESEL,74000,,2nd,2225000
Ford Endeavour,2019,DIESEL,29000,,1st,3499000
Toyota Others,2020,PETROL,27000,,1st,1050000
Volkswagen Ameo,2017,PETROL,18000,,2nd,499000
Ford Endeavour,2016,DIESEL,78000,,1st,2875000
Maruti Suzuki Swift Dzire,2009,CNG & HYBRIDS,88000,,2nd,225000
Maruti Suzuki S-Cross,2018,DIESEL,25000,,1st,899000
Hyundai Creta,2015,PETROL,48000,,1st,925000
Bmw X1,2016,DIESEL,22000,,1st,2375000
Maruti Suzuki Ertiga,2019,PETROL,17000,,1st,1050000
Hyundai I20,2011,PETROL,58000,,1st,285000
Bmw 3 Series,2014,DIESEL,75000,,2nd,1275000
Hyundai Creta,2019,PETROL,26965,,2nd,1375000
Mahindra Xuv300,2019,PETROL,9000,,1st,1042000
Toyota Etios,2013,DIESEL,75000,,2nd,345000
Maruti Suzuki Swift,2008,PETROL,90000,,Second,175000
Honda Amaze,2017,DIESEL,200000,,First,280000
Honda Mobilio,2014,PETROL,50399,,1st,475000
Honda Civic,2011,PETROL,49601,,1st,350000
Maruti Suzuki Sx4,2007,PETROL,70000,,2nd,135000
Renault Fluence,2012,DIESEL,78000,,2nd,349000
Maruti Suzuki Wagon R 1.0,2012,PETROL,40000,,1st,249000
Maruti Suzuki Alto 800,2013,PETROL,41500,,1st,183000
Mahindra Thar,2021,PETROL,1500,,1st,1881000
Toyota Innova,2012,DIESEL,80000,,1st,749000
Honda New Accord,2010,PETROL,52000,,--,385000
Hyundai I20,2010,PETROL,48000,,2nd,270000
Chevrolet Cruze,2010,DIESEL,70000,,1st,349000
Maruti Suzuki Alto,2005,PETROL,70000,,--,85000
Audi A4,2014,DIESEL,71000,,2nd,1425000
Maruti Suzuki S Cross,2021,PETROL,12,,1st,60000
Toyota Land Cruiser Prado,2008,PETROL,114000,,2nd,1350000
Maruti Suzuki Swift Dzire,2014,DIESEL,52000,,1st,511000
Maruti Suzuki Wagon R 1.0,2013,CNG & HYBRIDS,69442,,1st,299000
Honda City,2010,PETROL,70000,,Third,275000
Hyundai Santro Xing,2009,PETROL,40000,,1st,165000
Honda City,2012,PETROL,81000,,1st,465000
Maruti Suzuki Swift Dzire,2012,PETROL,40000,,1st,350000
Maruti Suzuki A-Star,2011,PETROL,69000,,3rd,155000
Volvo S90,2018,DIESEL,42000,,1st,4200000
Chevrolet Cruze,2013,DIESEL,78200,,2nd,399000
Other Brands Others,2021,PETROL,123,,--,73000
Other Brands Others,2021,PETROL,123,,--,40000
Honda Amaze,2015,PETROL,33000,,1st,525000
Hyundai I10,2009,PETROL,50000,,1st,245000
Maruti Suzuki Alto,2010,PETROL,41154,,1st,139000
Maruti Suzuki Swift,2008,DIESEL,69596,,2nd,250000
Honda City Zx,2007,PETROL,64000,,2nd,125000
Hyundai Grand I10,2016,PETROL,16998,,1st,450000
Mercedes-Benz New C-Class,2011,DIESEL,75000,,2nd,1219000
Mercedes-Benz E-Class,2019,DIESEL,10000,,1st,5800000
Hyundai Verna,2018,PETROL,12000,,1st,965000
Renault Kwid,2018,PETROL,29574,,--,410000
Maruti Suzuki Alto,2009,PETROL,54722,,1st,155000
Maruti Suzuki Zen,2006,PETROL,70000,,Second,90000
Toyota Camry (1998),2005,DIESEL,90000,,Third,77786
Renault Kwid,2021,PETROL,12,,1st,31000
Maruti Suzuki Ciaz,2018,DIESEL,38000,,1st,852000
Maruti Suzuki Baleno,2017,PETROL,50000,,1st,590000
Hyundai Elite I20,2019,DIESEL,22000,,1st,825000
Hyundai Accent,2017,DIESEL,139850,,1st,350000
Maruti Suzuki A-Star,2011,PETROL,45000,,1st,295000
Bmw 5 Series,2009,PETROL,67000,,1st,655000
Volkswagen Beetle,2009,PETROL,19000,,2nd,1265000
Honda City,2009,CNG & HYBRIDS,92807,,4th,205000
Maruti Suzuki 800,2008,PETROL,38500,,2nd,95000
Mercedes-Benz S-Class,2011,DIESEL,72000,,1st,1789000
Hyundai Creta,2017,PETROL,70000,,1st,1100000
Honda Brio,2013,PETROL,53000,,2nd,255000
Honda Accord,2003,CNG & HYBRIDS,127000,,4th,150000
Hyundai Xcent,2015,PETROL,53000,,1st,465000
Maruti Suzuki Ciaz,2017,DIESEL,44609,,--,790000
Honda City,2019,PETROL,4000,,1st,1251000
Maruti Suzuki Ertiga,2019,PETROL,32493,,First,1060000
Hyundai Creta,2016,PETROL,28000,,First,1025000
Maruti Suzuki Swift Dzire,2013,DIESEL,67593,,1st,475000
Land Rover Discovery,2017,PETROL,52000,,1st,3800000
Maruti Suzuki Swift,2013,PETROL,9000,,2nd,425000
Honda City Zx,2008,PETROL,83000,,1st,200000
Maruti Suzuki Eeco,2013,CNG & HYBRIDS,88000,,2nd,279000
Hyundai Xcent,2017,DIESEL,35000,,1st,595000
Skoda Superb,2015,PETROL,30000,,2nd,1099000
Audi Q5,2011,DIESEL,124000,,1st,1375000
Mercedes-Benz B Class,2013,PETROL,33000,,2nd,875000
Mercedes-Benz Cla,2011,PETROL,96000,,1st,599999
Skoda Rapid,2012,DIESEL,63000,,4th,239999
Mercedes-Benz Cl-Class,2011,PETROL,93000,,1st,599999
Bmw 3 Series,2010,DIESEL,69000,,1st,549999
Mahindra Tuv 300,2015,DIESEL,40000,,2nd,519999
Bmw 3 Series,2011,DIESEL,97000,,2nd,649999
Maruti Suzuki Wagon R,2015,PETROL,69478,,1st,375000
Volkswagen Vento,2016,DIESEL,83500,,1st,709999
Toyota Innova Crysta,2018,DIESEL,13722,,First,1800000
Toyota Innova,2007,DIESEL,256877,,Second,400000
Volvo S60,2011,PETROL,64000,,2nd,649999
Maruti Suzuki Wagon R Stingray,2017,PETROL,33000,,1st,465000
Hyundai I20,2011,PETROL,80000,,4th,250000
Mahindra Scorpio,2015,DIESEL,67000,,1st,675000
Bmw 3 Series,2012,DIESEL,74456,,2nd,925000
Toyota Fortuner,2018,PETROL,3000,,1st,3075000
Skoda Octavia,2017,DIESEL,2000,,1st,2350000
Mini Cooper Countryman,2015,DIESEL,34000,,1st,1809000
Mercedes-Benz Gl-Class,2014,DIESEL,91000,,2nd,3050000
Hyundai Creta,2016,DIESEL,27000,,1st,1075000
Maruti Suzuki Ertiga,2019,PETROL,14000,,1st,960000
Audi Q7,2009,DIESEL,97000,,2nd,900000
Maruti Suzuki Ciaz,2017,PETROL,47250,,1st,815000
Nissan Sunny,2012,DIESEL,119120,,2nd,325000
Bmw X1,2012,DIESEL,106500,,2nd,981000
Mahindra Tuv 300,2017,DIESEL,47000,,1st,751000
Mahindra Scorpio,2006,DIESEL,91367,,2nd,250000
Hyundai I10,2008,PETROL,55235,,1st,165000
Hyundai Xcent,2017,DIESEL,160000,,First,340000
Volkswagen Polo,2019,PETROL,28550,,1st,865000
Volkswagen Polo,2012,DIESEL,86000,,1st,225000
Skoda Rapid,2012,DIESEL,77000,,2nd,315000
Maruti Suzuki Alto,2021,CNG & HYBRIDS,123,,--,60000
Hyundai Santro Xing,2007,PETROL,80200,,1st,110000
Honda City,2016,DIESEL,69381,,2nd,685000
Honda Jazz,2018,PETROL,21625,,1st,785000
Jeep Compass,2018,DIESEL,35000,,1st,1295000
Bmw 5 Series,2010,DIESEL,53000,,1st,791000
Toyota Fortuner,2013,DIESEL,89000,,2nd,1151000
Mercedes-Benz Cla,2008,DIESEL,62000,,1st,593000
Renault Duster,2013,DIESEL,62000,,1st,395000
Ford Ecosport,2017,DIESEL,27000,,1st,692000
Hyundai Verna,2011,DIESEL,62000,,1st,269000
Hyundai Xcent,2017,DIESEL,62000,,1st,485000
Maruti Suzuki Ciaz,2015,DIESEL,63634,,--,650000
Bmw 3 Series,2016,DIESEL,39400,,1st,2090000
Toyota Etios,2015,PETROL,44102,,--,421000
Maruti Suzuki Zen,2004,PETROL,120000,,Second,135000
Toyota Innova,2010,DIESEL,118000,,First,650000
Maruti Suzuki Ertiga,2016,DIESEL,44000,,1st,692000
Mini Cooper Countryman,2018,PETROL,16000,,1st,3650000
Maruti Suzuki Celerio,2021,CNG & HYBRIDS,123,,1st,15000
Hyundai Creta,2015,PETROL,48000,,1st,925111
Hyundai I20,2011,PETROL,58000,,1st,285111
Mercedes-Benz M-Class,2013,DIESEL,56000,,1st,2550000
Hyundai Grand I10,2017,PETROL,44284,,1st,565000
Audi A4,2010,PETROL,52000,,1st,670000
Maruti Suzuki Alto,2009,PETROL,12879,,2nd,105000
Maruti Suzuki Wagon R,2021,CNG & HYBRIDS,123,,--,80000
Maruti Suzuki Swift Dzire,2016,DIESEL,110000,,1st,280000
Skoda Rapid,2012,DIESEL,55000,,1st,325000
Honda City,2012,PETROL,56000,,2nd,529000
Mg Hector,2019,DIESEL,12882,,1st,1755000
Maruti Suzuki Alto,2021,CNG & HYBRIDS,123,,1st,15000
Ford Figo,2010,DIESEL,44000,,1st,225000
Ford Fiesta,2012,PETROL,61811,,--,255000
Toyota Innova,2016,DIESEL,72000,,1st,1050000
Maruti Suzuki Alto,2021,CNG & HYBRIDS,123,,1st,40000
Maruti Suzuki Swift,2021,PETROL,12,,1st,40000
Toyota Corolla Altis,2016,PETROL,80357,,1st,975000
Mercedes-Benz Gle Class,2015,DIESEL,62500,,1st,3875000
Maruti Suzuki Ertiga,2013,DIESEL,77931,,1st,565000
Maruti Suzuki Swift Dzire,2015,PETROL,47982,,2nd,525000
Maruti Suzuki Baleno,2017,PETROL,10783,,1st,525000
Mercedes-Benz E-Class,2017,PETROL,13005,,1st,4149500
Audi Q5,2010,PETROL,58500,,1st,1475000
Mahindra Xuv500,2012,DIESEL,100000,,2nd,650000
Hyundai Creta,2017,DIESEL,42000,,1st,950000
Maruti Suzuki Celerio,2016,PETROL,38660,,1st,445000
Honda Civic,2007,CNG & HYBRIDS,74000,,1st,135000
Mercedes-Benz E-Class (1983),1983,DIESEL,87000,,3rd,333000
Mercedes-Benz New C-Class,2020,DIESEL,2000,,1st,4799000
Toyota Innova Crysta,2017,DIESEL,79000,,1st,1699999
Maruti Suzuki Wagon R,2014,PETROL,55000,,1st,350000
Toyota Fortuner,2016,DIESEL,92000,,1st,2772000
Toyota Camry,2014,PETROL,75000,,1st,1339000
Volkswagen Polo,2018,PETROL,18000,,1st,865000
Mercedes-Benz M-Class,2012,DIESEL,97000,,2nd,1350000
Maruti Suzuki Swift Dzire,2012,PETROL,67000,,1st,295000
Mahindra Supro,2017,DIESEL,109000,,2nd,325000
Mahindra Scorpio,2011,DIESEL,94500,,2nd,385000
Maruti Suzuki Zen,2004,CNG & HYBRIDS,94640,,4+,60000
Hyundai I20,2011,PETROL,47000,,1st,295000
Renault Lodgy,2015,DIESEL,56000,,1st,450000
Toyota Corolla Altis,2014,DIESEL,44000,,1st,950000
Nissan Terrano,2015,DIESEL,74000,,2nd,511000
Mahindra Bolero,2015,DIESEL,180000,,1st,370000
Maruti Suzuki Ertiga,2015,DIESEL,70062,,1st,774000
Hyundai I10,2015,PETROL,42100,,1st,330000
Volkswagen Vento,2015,DIESEL,92943,,--,610000
Volkswagen Vento,2015,PETROL,15400,,1st,635000
Mercedes-Benz New C-Class,2018,DIESEL,21000,,1st,3950000
Mercedes-Benz New C-Class,2019,DIESEL,30000,,1st,3990000
Toyota Innova,2016,DIESEL,63050,,1st,1179000
Maruti Suzuki Ertiga,2012,DIESEL,130000,,2nd,495000
Maruti Suzuki Swift,2008,CNG & HYBRIDS,74000,,1st,185000
Honda Civic,2007,CNG & HYBRIDS,94000,,4th,165000
Volkswagen Polo,2016,PETROL,25000,,1st,515000
Toyota Fortuner,2010,DIESEL,190000,,2nd,895000
Skoda Rapid,2017,DIESEL,34000,,1st,845000
Mercedes-Benz Cla,2016,DIESEL,51000,,2nd,1700000
Maruti Suzuki Alto 800,2015,PETROL,5820,,1st,333000
Maruti Suzuki Ertiga,2016,PETROL,46630,,1st,774000
Hyundai Santro Xing,2007,PETROL,55474,,2nd,125000
Toyota Innova,2006,DIESEL,124000,,3rd,280000
Maruti Suzuki Celerio,2017,PETROL,38000,,1st,485000
Renault Duster,2012,DIESEL,82000,,1st,435000
Hyundai Creta,2018,PETROL,33500,,1st,1185000
Honda City,2015,PETROL,33325,,1st,770000
Hyundai Xcent,2016,DIESEL,53155,,--,425000
Hyundai Creta,2019,PETROL,410000,,1st,1125000
Hyundai I20,2012,PETROL,47000,,1st,299999
Honda Civic,2009,PETROL,62000,,3rd,179000
Renault Duster,2015,PETROL,7646,,1st,699000
Land Rover Range Rover Evoque,2013,DIESEL,100000,,1st,2100000
Maruti Suzuki Ertiga,2017,DIESEL,42000,,1st,750000
Maruti Suzuki Swift Dzire,2018,PETROL,4338,,1st,699000
Toyota Others,2021,PETROL,0,,--,1175709
Chevrolet Spark,2009,PETROL,40000,,2nd,145000
Renault Duster,2013,DIESEL,92000,,2nd,415000
Hyundai I20,2009,PETROL,54000,,2nd,249000
Hyundai I10,2011,CNG & HYBRIDS,58000,,3rd,215000
Volkswagen Vento,2011,DIESEL,130000,,1st,260000
Audi A4,2014,DIESEL,83000,,1st,999000
Bmw 3 Series,2013,DIESEL,65000,,1st,1500000
Toyota Innova,2013,DIESEL,97851,,1st,875000
Toyota Innova,2010,DIESEL,105000,,1st,625000
Mercedes-Benz E-Class,2012,DIESEL,80000,,2nd,1250000
Toyota Innova,2014,DIESEL,111771,,1st,899000
Kia Seltos,2020,PETROL,4000,,1st,1785000
Honda City,2010,CNG & HYBRIDS,79000,,3rd,250000
Skoda Laura,2009,PETROL,70000,,2nd,215000
Mg Hector,2020,PETROL,3600,,1st,1475000
Toyota Innova Crysta,2016,DIESEL,93000,,1st,1485000
Hyundai Verna,2018,PETROL,42000,,1st,1025000
Volkswagen Vento,2012,PETROL,69000,,2nd,325000
Tata Indigo,2007,DIESEL,20000,,3rd,60000
Honda Brio,2012,PETROL,47000,,2nd,285000
Hyundai Verna,2012,PETROL,47000,,2nd,335000
Maruti Suzuki Swift,2009,DIESEL,57000,,1st,255000
Mercedes-Benz E-Class,2011,DIESEL,66000,,2nd,1190000
Skoda Octavia,2009,DIESEL,232107,,2nd,250000
Hyundai Creta,2017,PETROL,12045,,1st,935000
Mini 5 Door,2013,DIESEL,28632,,1st,1725000
Mercedes-Benz Slk-Class,2010,PETROL,33650,,1st,2400000
Maruti Suzuki Baleno,2018,PETROL,32364,,--,575000
Skoda Rapid,2016,DIESEL,29100,,1st,585000
Skoda Laura,2010,DIESEL,67700,,1st,345000
Chevrolet Spark,2011,PETROL,30024,,1st,145000
Chevrolet Spark,2013,PETROL,64120,,1st,165000
Chevrolet Beat,2012,DIESEL,47780,,1st,199000
Datsun Redigo,2016,PETROL,21278,,1st,275000
Renault Duster,2017,DIESEL,53513,,1st,825000
Renault Lodgy,2015,DIESEL,67415,,1st,550000
Honda Jazz,2015,PETROL,67609,,1st,595000
Honda Jazz,2017,PETROL,12736,,1st,625000
Hyundai Verna,2019,PETROL,25916,,1st,1025000
Hyundai Grand I10,2014,PETROL,53001,,2nd,425000
Maruti Suzuki Wagon R,2015,PETROL,48200,,2nd,385000
Maruti Suzuki Swift Dzire,2016,PETROL,23465,,1st,551000
Tata Nexon,2017,DIESEL,67742,,1st,785000
Maruti Suzuki Wagon R,2008,CNG & HYBRIDS,48000,,1st,150000
Hyundai Grand I10,2015,PETROL,34362,,--,380000
Audi Q3,2017,DIESEL,51000,,1st,2275000
Maruti Suzuki Alto K10,2010,PETROL,44780,,1st,185000
Hyundai Xcent,2016,PETROL,30181,,1st,521000
Chevrolet Sail,2014,DIESEL,61600,,1st,299000
Toyota Fortuner,2009,DIESEL,183000,,1st,825000
Hyundai Elite I20,2015,PETROL,69472,,1st,540000
Renault Kwid,2016,PETROL,64707,,1st,265000
Maruti Suzuki S-Cross,2015,DIESEL,71489,,1st,715000
Maruti Suzuki Swift,2016,DIESEL,57558,,1st,590000
Hyundai I20,2012,DIESEL,63804,,1st,400000
Volkswagen Vento,2013,DIESEL,85517,,2nd,450000
Maruti Suzuki Wagon R 1.0,2009,PETROL,72000,,2nd,145000
Maruti Suzuki Alto K10,2012,PETROL,42300,,1st,169000
Maruti Suzuki Swift Dzire,2013,CNG & HYBRIDS,82000,,2nd,415000
Maruti Suzuki Vitara Brezza,2017,DIESEL,89000,,1st,745000
Ford Ecosport,2015,PETROL,40000,,2nd,500000
Maruti Suzuki Wagon R,2016,PETROL,34943,,--,395000
Maruti Suzuki Swift Dzire,2017,PETROL,31660,,1st,685000
Honda Amaze,2014,PETROL,33245,,1st,425000
Datsun Go Plus,2019,PETROL,17000,,1st,377000
Hyundai Santro Xing,2007,PETROL,88000,,1st,125000
Maruti Suzuki Swift,2014,DIESEL,61000,,1st,475000
Toyota Innova,2007,DIESEL,215500,,1st,435000
Maruti Suzuki Omni,2015,CNG & HYBRIDS,90000,,1st,210000
Skoda Superb,2015,DIESEL,75476,,1st,1075000
Mercedes-Benz E-Class,2007,PETROL,95000,,1st,525000
Chevrolet Spark,2007,PETROL,55000,,2nd,78000
Honda City,2016,PETROL,40000,,1st,699000
Skoda Laura,2009,DIESEL,112000,,1st,380000
Ford Fiesta,2009,PETROL,71450,,2nd,175000
Ford Figo,2012,DIESEL,35000,,1st,149000
Honda City,2017,PETROL,16000,,1st,1065111
Maruti Suzuki Wagon R,2005,PETROL,84000,,3rd,151000
Toyota Etios,2015,PETROL,44102,,--,421000
Maruti Suzuki Ertiga,2017,PETROL,47000,,--,765000
Maruti Suzuki Ertiga,2017,DIESEL,14459,,1st,875000
Toyota Etios Liva,2016,PETROL,55456,,1st,389000
Honda Amaze,2019,PETROL,16000,,1st,774000
Toyota Etios,2014,CNG & HYBRIDS,56456,,1st,389000
Maruti Suzuki Swift,2015,DIESEL,69000,,1st,535000
Mercedes-Benz E-Class,2011,DIESEL,72500,,2nd,1025000
Chevrolet Spark,2008,PETROL,60000,,2nd,105000
Honda Amaze,2019,PETROL,9028,,1st,840000
Toyota Camry,2015,CNG & HYBRIDS,92355,,1st,1755000
Hyundai I20,2011,PETROL,92000,,1st,255000
Bmw 5 Series,2012,DIESEL,50000,,2nd,5366666
Maruti Suzuki Ertiga,2013,PETROL,51331,,1st,575000
Hyundai Creta,2017,PETROL,24000,,1st,1125000
Toyota Corolla Altis,2017,PETROL,27000,,1st,1485000
Hyundai Verna,2019,PETROL,28000,,1st,1025000
Audi Q3,2019,DIESEL,25000,,1st,3299000
Maruti Suzuki Alto,2009,PETROL,15000,,1st,125000
Hyundai Grand I10 Nios,2021,PETROL,1,,--,577713
Maruti Suzuki S-Cross,2016,DIESEL,126026,,--,685000
Maruti Suzuki Swift Dzire,2011,PETROL,55000,,2nd,291000
Honda City,2005,CNG & HYBRIDS,69500,,2nd,139999
Honda Amaze,2014,PETROL,35000,,1st,440000
Mahindra Scorpio,2015,DIESEL,140000,,2nd,730000
Hyundai I10,2008,PETROL,62000,,2nd,168000
Volkswagen Ameo,2019,DIESEL,17900,,1st,578000
Hyundai Grand I10,2014,DIESEL,66000,,1st,398000
Maruti Suzuki Wagon R 1.0,2011,CNG & HYBRIDS,64300,,1st,238999
Maruti Suzuki Wagon R 1.0,2011,CNG & HYBRIDS,64200,,1st,236000
Hyundai I20,2013,PETROL,38000,,1st,338000
Skoda Superb,2011,DIESEL,74800,,1st,415000
Volkswagen Polo,2015,PETROL,40000,,1st,450000
Toyota Innova,2010,DIESEL,96000,,2nd,490000
Hyundai I20,2010,PETROL,46321,,1st,285000
Volkswagen Jetta,2013,PETROL,79500,,2nd,539000
Mercedes-Benz New C-Class,2021,PETROL,1000,,1st,4975000
Maruti Suzuki Ertiga,2021,PETROL,1,,--,911553
Maruti Suzuki Ertiga,2016,DIESEL,106169,,--,645000
Mercedes-Benz E-Class,2017,DIESEL,24500,,1st,4450000
Hyundai I20,2011,PETROL,65000,,2nd,280000
Bmw 5 Series,2011,--,66000,,2nd,1130000
Hyundai I10,2012,PETROL,49383,,1st,255000
Kia Seltos,2019,PETROL,11000,,1st,1785000
Skoda Fabia,2012,PETROL,52000,,1st,199000
Mercedes-Benz E-Class,2014,DIESEL,75250,,2nd,1799000
Bmw 3 Series,2016,DIESEL,36000,,1st,2375000
Maruti Suzuki Ertiga,2014,CNG & HYBRIDS,74500,,2nd,585000
Maruti Suzuki Zen Estilo,2007,PETROL,39100,,1st,95000
Mercedes-Benz New C-Class,2018,DIESEL,21000,,1st,3950111
Tata Hexa,2018,DIESEL,53000,,1st,1490111
Maruti Suzuki Swift,2014,PETROL,23000,,1st,465111
Maruti Suzuki Swift Dzire,2008,PETROL,49000,,3rd,175000
Honda Jazz,2017,PETROL,24500,,1st,579000
Hyundai Creta,2016,PETROL,48627,,1st,846000
Hyundai Creta,2016,DIESEL,62000,,1st,1325000
Toyota Corolla Altis,2009,PETROL,106382,,1st,305000
Maruti Suzuki Alto,2011,CNG & HYBRIDS,74100,,3rd,165000
Maruti Suzuki Alto 800,2013,CNG & HYBRIDS,46700,,2nd,225000
Hyundai Verna,2014,PETROL,32000,,1st,535000
Maruti Suzuki Alto,2009,PETROL,46100,,2nd,115000
Maruti Suzuki Alto,2008,CNG & HYBRIDS,53000,,1st,145000
Maruti Suzuki Wagon R,2008,PETROL,78000,,2nd,145000
Maruti Suzuki Celerio,2018,PETROL,30000,,1st,485000
Toyota Innova,2015,DIESEL,71000,,1st,890000
Maruti Suzuki Swift Dzire,2013,PETROL,19000,,1st,455000
Toyota Innova,2010,DIESEL,62479,,1st,515000
Maruti Suzuki Swift Dzire,2018,PETROL,15000,,1st,725000
Honda Mobilio,2015,PETROL,10000,,2nd,545000
Volkswagen Vento,2015,PETROL,33000,,1st,625000
Maruti Suzuki Wagon R,2018,PETROL,25000,,1st,499000
Audi Q5,2010,PETROL,59000,,1st,999000
Maruti Suzuki Swift,2014,CNG,90000,,First,405000
Audi A4,2012,DIESEL,70000,,Fourth,1009999
Volkswagen Vento,2012,DIESEL,70000,,Second,325000
Toyota Innova Crysta,2017,DIESEL,70000,,First,1750000
Maruti Suzuki Swift,2010,PETROL,10684,,First,375000
Tata Nano,2011,PETROL,30000,,Second,45000
Chevrolet Optra,2006,PETROL,120000,,First,83000
Maruti Suzuki Esteem,2007,CNG,62000,,Third,80000
Toyota Innova,2005,DIESEL,140000,,Third,300000
Tata Safari,2008,DIESEL,120000,,Second,180000
Mahindra Xuv500,2019,DIESEL,2640,,First,1800000
Maruti Suzuki Wagon R,2003,CNG,180000,,First,75000
Other Brands Others,2010,PETROL,160000,,Third,190000
Toyota Corolla Altis,2011,DIESEL,70000,,First,265000
Maruti Suzuki Swift Dzire,2014,DIESEL,140000,,First,450000
Volkswagen Vento,2013,PETROL,51000,,Second,420000
Mahindra Scorpio,2002,DIESEL,160000,,Second,162000
Mahindra Others,2007,PETROL,50000,,Second,65000
Maruti Suzuki Ertiga,2016,DIESEL,90000,,First,785000
Datsun Go,2017,CNG,70000,,First,90000
Mahindra Scorpio,2008,DIESEL,141500,,First,371099
Toyota Qualis,2001,DIESEL,90000,,Second,85000
Volkswagen Polo,2010,DIESEL,120000,,Second,250000
Toyota Land Cruiser Prado,2001,DIESEL,70000,,First,725000
Toyota Qualis,2001,DIESEL,140000,,Second,165000
Honda Civic Hybrid,2007,CNG,78000,,First,162000
Other Brands Others,2016,DIESEL,140000,,Second,190000
Mahindra Scorpio,2012,DIESEL,120000,,Second,499000
Force Motors Force One,2012,DIESEL,70000,,Second,295000
Maruti Suzuki 800,1999,PETROL,54000,,Fourth,70000
Toyota Innova,2005,DIESEL,170000,,Third,280000
Maruti Suzuki Wagon R,2006,PETROL,80000,,Second,100000
Mahindra Scorpio,2009,DIESEL,160000,,Second,450000
Toyota Etios,2015,DIESEL,280000,,First,350000
Toyota Others,2004,DIESEL,160000,,Third,115000
Hyundai Santro Xing,2008,CNG,24810,,First,120000
Toyota Camry,2003,CNG,45000,,First,125000
Toyota Qualis,2002,DIESEL,120000,,Second,110000
Hyundai Santro,2004,PETROL,120000,,Second,60000
Chevrolet Captiva,2008,DIESEL,98500,,Second,325000
Maruti Suzuki Wagon R 1.0,2014,CNG,70000,,First,350000
Hyundai Elite I20,2019,PETROL,35000,,First,720000
Toyota Fortuner,2009,DIESEL,160000,,Second,850000
Maruti Suzuki Eeco,2017,PETROL,30000,,First,325000
Mercedes-Benz E-Class,2011,DIESEL,63000,,Second,1100000
Maruti Suzuki Ertiga,2017,CNG & HYBRIDS,34006,,1st,850000
Mitsubishi Pajero Sport,2013,DIESEL,98470,,1st,1000000
Mercedes-Benz Others,2018,DIESEL,6500,,1st,3800000
Volkswagen Vento,2011,PETROL,59500,,Third,321000
Maruti Suzuki Swift Dzire,2021,PETROL,700,,First,790000
Volkswagen Polo,2011,PETROL,72000,,2nd,311000
Maruti Suzuki Wagon R,2007,LPG,64000,,4th,120000
Maruti Suzuki Alto 800,2013,CNG & HYBRIDS,87000,,2nd,220000
Bajaj Others,2012,LPG,13627,,2nd,55000
Mahindra Scorpio,2009,DIESEL,91000,,2nd,375000
Tata Indica Vista,2013,PETROL,37000,,2nd,265000
Maruti Suzuki Wagon R 1.0,2011,CNG & HYBRIDS,64000,,1st,239999
Maruti Suzuki Swift,2007,DIESEL,125000,,4th,155000
Mercedes-Benz E-Class,2016,DIESEL,41000,,1st,2700000
Maruti Suzuki Alto K10,2015,CNG & HYBRIDS,67000,,1st,290000
Hyundai I10,2010,PETROL,47000,,1st,235000
Maruti Suzuki Sx4,2010,PETROL,71000,,2nd,275000
Fiat Punto,2010,PETROL,51000,,1st,225000
Ford Figo,2010,PETROL,46000,,1st,195000
Hyundai I20,2009,PETROL,44000,,1st,230000
Ford Fiesta,2010,PETROL,63000,,2nd,199000
Hyundai Others,2021,PETROL,1,,--,660309
Maruti Suzuki Wagon R,2016,PETROL,100000,,Second,255000
Hyundai I20,2017,PETROL,19586,,First,675000
Toyota Innova,2013,DIESEL,135000,,1st,825000
Tata Safari,2013,DIESEL,88000,,1st,371000
Maruti Suzuki Vitara Brezza,2020,PETROL,11000,,1st,1125000
Mahindra Scorpio,2005,DIESEL,110000,,3rd,185000
Maruti Suzuki Sx4,2007,CNG & HYBRIDS,72000,,2nd,171000
Chevrolet Cruze,2012,DIESEL,73000,,2nd,275000
Hyundai I20,2014,DIESEL,98000,,1st,450000
Nissan Terrano,2013,DIESEL,75000,,1st,550000
Honda City,2010,PETROL,33000,,1st,375000
Maruti Suzuki Alto,2006,PETROL,100000,,3rd,90000
Maruti Suzuki Swift Dzire,2009,PETROL,93000,,1st,229000
Maruti Suzuki Stingray,2014,PETROL,70200,,3rd,395000
Honda Amaze,2013,DIESEL,92000,,1st,390000
Force Motors Trax Cruiser,2018,DIESEL,34030,,1st,905000
Tata Tl,2018,ELECTRIC,0,,2nd,15000
Maruti Suzuki Ertiga,2017,CNG & HYBRIDS,51200,,2nd,859000
Toyota Innova Crysta,2016,DIESEL,84000,,1st,1575000
Audi Q5,2010,DIESEL,125000,,2nd,1140000
Kia Seltos,2020,PETROL,19000,,First,1875000
Tata Indica Vista,2009,DIESEL,120000,,Fourth,100000
Tata Tl,2018,ELECTRIC,0,,2nd,15000
Maruti Suzuki Swift,2015,DIESEL,86000,,1st,499111
Hyundai Verna,2014,PETROL,88000,,1st,500000
Volkswagen Passat,2013,DIESEL,78850,,2nd,850000
Mahindra Bolero,2014,DIESEL,122000,,2nd,500000
Volkswagen Polo,2015,PETROL,53000,,2nd,450000
Mahindra Scorpio,2013,DIESEL,159000,,1st,475000
Maruti Suzuki Swift,2009,DIESEL,149135,,2nd,225000
Skoda Rapid,2018,DIESEL,16000,,2nd,900000
Maruti Suzuki Wagon R,2014,CNG & HYBRIDS,70000,,2nd,350000
Maruti Suzuki Eeco,2018,PETROL,10000,,1st,457000
Maruti Suzuki Alto,2006,PETROL,0,,2nd,95000
Maruti Suzuki Omni,2017,CNG & HYBRIDS,83000,,1st,340000
Tata Indica Vista,2012,DIESEL,86000,,3rd,290000
Mercedes-Benz E-Class,2010,DIESEL,104000,,2nd,1050000
Mahindra Quanto,2012,DIESEL,54000,,1st,299000
Maruti Suzuki Swift,2007,PETROL,58953,,2nd,160000
Toyota Etios,2012,DIESEL,65000,,2nd,375000
Hyundai Elite I20,2019,PETROL,35000,,First,720000
Maruti Suzuki Wagon R,2012,PETROL,70000,,Third,270000
Maruti Suzuki Alto K10,2016,PETROL,23900,,1st,295000
Toyota Innova,2015,DIESEL,107107,,1st,970000
Maruti Suzuki Gypsy,2003,PETROL,50000,,2nd,355000
Maruti Suzuki Eeco,2018,PETROL,10700,,1st,456000
Hyundai Santro Xing,2008,PETROL,82000,,2nd,159000
Dc Others,2017,DIESEL,596,,2nd,150000
Toyota Corolla Altis,2010,DIESEL,102304,,2nd,466000
Maruti Suzuki Wagon R 1.0,2013,PETROL,85234,,1st,325000
Renault Kwid,2017,PETROL,29350,,1st,325000
Maruti Suzuki Swift Dzire,2012,DIESEL,82000,,1st,445000
Maruti Suzuki Swift Dzire Tour,2016,DIESEL,125000,,1st,260000
Maruti Suzuki Wagon R 1.0,2017,CNG & HYBRIDS,156000,,1st,315000
Skoda Superb,2010,PETROL,44000,,2nd,295000
Tata Indigo,2007,DIESEL,140000,,2nd,95000
Maruti Suzuki Alto 800,2013,PETROL,55000,,4+,240000
Maruti Suzuki Wagon R 1.0,2011,CNG & HYBRIDS,73000,,1st,295000
Mercedes-Benz Gl-Class,2015,DIESEL,97000,,2nd,3395000
Maruti Suzuki Ertiga,2014,PETROL,46075,,1st,590000
Mercedes-Benz E-Class,2012,PETROL,60000,,Second,1100000
Mahindra Xylo,2013,DIESEL,120000,,Second,475000
Hyundai Verna,2008,DIESEL,86000,,2nd,165000
Hyundai I10,2008,PETROL,52000,,1st,159999
Mahindra Scorpio,2011,DIESEL,80000,,2nd,450000
Mahindra Bolero,2011,DIESEL,145000,,2nd,400000
Ford Figo,2011,PETROL,53000,,1st,260000
Renault Kwid,2017,PETROL,35000,,1st,285000
Maruti Suzuki Omni,2018,PETROL,14000,,1st,350000
Honda Jazz,2015,PETROL,80000,,1st,475000
Skoda Rapid,2015,DIESEL,76000,,1st,469999
Maruti Suzuki Swift,2006,PETROL,65000,,2nd,125000
Maruti Suzuki Omni,2010,LPG,90000,,1st,185000
Ford Aspire,2018,DIESEL,132000,,1st,350000
Volkswagen Vento,2011,DIESEL,80000,,3rd,200000
Maruti Suzuki Zen Estilo,2009,PETROL,65000,,2nd,195000
Skoda Rapid,2013,DIESEL,120000,,2nd,390000
Maruti Suzuki Ignis,2017,PETROL,40636,,1st,535000
Ford Endeavour,2016,DIESEL,72000,,1st,2650000
Jaguar Xj,2012,PETROL,71000,,2nd,2700000
Jaguar Xf,2014,DIESEL,28000,,Second,2650000
Maruti Suzuki Alto K10,2010,PETROL,97000,,First,140000
Hyundai Elite I20,2014,DIESEL,110000,,3rd,495000
Chevrolet Beat,2012,PETROL,32000,,1st,235000
Maruti Suzuki Swift,2012,PETROL,80000,,3rd,370000
Maruti Suzuki Vitara Brezza,2018,DIESEL,17000,,2nd,975000
Honda Amaze,2019,PETROL,9000,,2nd,800000
Maruti Suzuki Ertiga,2016,DIESEL,75000,,1st,850000
Mahindra Tuv 300,2018,DIESEL,27000,,1st,960000
Mahindra Bolero,2015,DIESEL,90000,,1st,600000
Maruti Suzuki Swift Dzire,2012,DIESEL,89000,,2nd,398000
Maruti Suzuki Swift Dzire,2013,PETROL,69000,,2nd,411000
Maruti Suzuki Swift,2010,DIESEL,115000,,--,255000
Tata Indica Vista,2014,DIESEL,160,,3rd,235000
Honda Civic,2010,CNG & HYBRIDS,108000,,3rd,220000
Maruti Suzuki Alto,2008,PETROL,60000,,1st,130000
Maruti Suzuki Swift,2016,DIESEL,83490,,2nd,625000
Maruti Suzuki Ciaz,2017,DIESEL,49736,,1st,775000
Maruti Suzuki Omni,2018,PETROL,26000,,1st,299000
Maruti Suzuki Celerio,2016,PETROL,39000,,Second,370000
Hyundai Venue,2019,PETROL,10167,,First,1175000
Other Brands Others,2011,DIESEL,0,,1st,490000
Maruti Suzuki Ciaz,2017,DIESEL,70500,,1st,700000
Hyundai Elite I20,2018,DIESEL,37000,,1st,685000
Maruti Suzuki Wagon R,2007,CNG & HYBRIDS,71000,,3rd,145000
Toyota Innova,2017,DIESEL,130000,,1st,1590000
Honda Civic,2008,PETROL,78000,,2nd,199000
Mahindra Xylo,2009,DIESEL,115000,,1st,270000
Maruti Suzuki Eeco,2018,PETROL,10700,,1st,455000
Tata Safari,2013,DIESEL,85500,,2nd,535000
Maruti Suzuki 800 (2000),2000,PETROL,85000,,3rd,85000
Mahindra Xuv500,2018,DIESEL,68500,,1st,990000
Maruti Suzuki Wagon R,2021,PETROL,600,,1st,595000
Toyota Innova,2010,DIESEL,152000,,3rd,435000
Honda City,2015,PETROL,33500,,1st,645000
Maruti Suzuki A-Star,2012,PETROL,50856,,--,265000
Honda Brio,2015,PETROL,32000,,1st,500000
Skoda Rapid,2012,DIESEL,96000,,2nd,325000
Hyundai Getz,2007,PETROL,90000,,Third,75000
Mahindra Scorpio,2008,DIESEL,120000,,First,270000
Bmw 3 Series Gt,2018,DIESEL,58000,,2nd,3300000
Maruti Suzuki Eeco,2014,CNG & HYBRIDS,68000,,2nd,325000
Maruti Suzuki Gypsy,2015,PETROL,32000,,1st,610000
Maruti Suzuki Ertiga,2013,CNG & HYBRIDS,81000,,1st,551000
Maruti Suzuki Swift,2013,DIESEL,97000,,--,390000
Honda Brio,2013,PETROL,42000,,1st,319000
Tata Nano,2012,PETROL,55000,,2nd,70000
Maruti Suzuki Ertiga,2018,CNG & HYBRIDS,86000,,1st,825000
Hyundai Verna,2016,PETROL,47000,,2nd,551000
Hyundai Verna,2007,DIESEL,130000,,2nd,150000
Hyundai I10,2010,PETROL,65000,,2nd,198000
Mahindra Bolero,2017,DIESEL,91000,,1st,775000
Maruti Suzuki Wagon R,2014,CNG & HYBRIDS,83000,,1st,385000
Audi Q7,2007,DIESEL,85000,,1st,900000
Tata Manza,2011,PETROL,36000,,2nd,190000
Maruti Suzuki Vitara Brezza,2018,DIESEL,37613,,2nd,890000
Bmw 3 Series,2012,DIESEL,78000,,1st,1150000
Maruti Suzuki Baleno,2017,PETROL,52090,,--,634000
Honda Brio,2012,PETROL,90000,,Second,270000
Hyundai Xcent,2020,CNG,50000,,First,585000
Maruti Suzuki Swift Dzire,2013,DIESEL,61000,,1st,450000
Tata Others,2014,DIESEL,100000,,3rd,255000
Maruti Suzuki Wagon R,2008,PETROL,48000,,2nd,149000
Honda City,2014,PETROL,120000,,1st,600000
Other Brands Others,2019,PETROL,8500,,1st,57000
Maruti Suzuki Ertiga,2012,CNG & HYBRIDS,64000,,1st,521000
Maruti Suzuki Swift Dzire,2010,PETROL,70000,,2nd,240000
Maruti Suzuki Swift Dzire,2010,DIESEL,80000,,1st,295000
Bmw 5 Series,2008,DIESEL,108000,,2nd,570000
Hyundai Verna,2007,DIESEL,24,,4+,145000
Datsun Redi Go,2018,PETROL,32000,,1st,260000
Chevrolet Tavera,2005,DIESEL,2849,,4+,135000
Toyota Urban Cruiser,2021,PETROL,25000,,1st,1400000
Hyundai Grand I10,2016,DIESEL,83000,,2nd,435000
Mahindra Verito,2013,DIESEL,72000,,2nd,295000
Hyundai Grand I10,2016,PETROL,40258,,1st,525000
Honda City,2017,PETROL,21238,,1st,975000
Hyundai Eon,2012,PETROL,37413,,3rd,225000
Hyundai I20,2011,PETROL,52000,,First,350000
Maruti Suzuki Swift,2014,CNG,90000,,First,405000
Skoda Rapid,2012,DIESEL,112000,,2nd,350000
Skoda Fabia,2009,DIESEL,89000,,2nd,200000
Maruti Suzuki Baleno,2018,PETROL,42000,,1st,600000
Mahindra Bolero Power Plus,2017,DIESEL,103000,,2nd,760000
Maruti Suzuki Ciaz,2017,DIESEL,65000,,2nd,750000
Skoda Superb,2013,DIESEL,27000,,1st,888000
Hyundai Creta,2015,DIESEL,130000,,2nd,990000
Volkswagen Vento,2011,DIESEL,87000,,1st,335000
Maruti Suzuki Estilo,2009,PETROL,56000,,2nd,138000
Skoda Rapid,2012,DIESEL,89000,,1st,375000
Skoda Octavia,2015,DIESEL,91000,,1st,1080000
Maruti Suzuki A-Star,2011,PETROL,26000,,2nd,245000
Maruti Suzuki Wagon R,2017,CNG & HYBRIDS,140000,,1st,280000
Mahindra Xylo,2011,DIESEL,150000,,2nd,235000
Maruti Suzuki Ertiga,2017,PETROL,18000,,1st,799000
Honda City,2009,PETROL,71166,,--,285000
Maruti Suzuki Ciaz,2016,PETROL,41773,,--,710000
Maruti Suzuki S-Cross,2016,DIESEL,126026,,--,685000
Mahindra Renault Logan,2008,PETROL,20000,,Third,120000
Toyota Yaris,2018,PETROL,34200,,First,880000
Honda Brio,2014,PETROL,30000,,2nd,485000
Hyundai Creta,2016,PETROL,30000,,1st,921000
Hyundai Verna,2012,PETROL,16000,,2nd,445000
Hyundai Grand I10,2015,DIESEL,62000,,1st,535000
Maruti Suzuki Wagon R,2020,CNG & HYBRIDS,49988,,1st,528786
Hyundai I20,2013,DIESEL,49000,,1st,399000
Tata Hexa,2017,DIESEL,38000,,2nd,1225000
Bmw X1,2012,DIESEL,56000,,1st,700000
Bmw 6 Series,2013,DIESEL,50000,,1st,2450000
Volkswagen Vento,2012,PETROL,83000,,2nd,380000
Hyundai I10,2012,PETROL,73000,,1st,330000
Maruti Suzuki Eeco,2015,PETROL,65000,,1st,305000
Bmw 5 Series,2013,DIESEL,68000,,1st,1350000
Mercedes-Benz New C-Class,2006,DIESEL,80000,,2nd,450000
Maruti Suzuki Sx4,2007,PETROL,78000,,3rd,185000
Maruti Suzuki Estilo,2013,PETROL,46500,,1st,235000
Hyundai Xcent,2017,PETROL,25804,,1st,510000
Bmw X5,2014,DIESEL,84730,,2nd,2850000
Toyota Fortuner,2009,DIESEL,160000,,Second,850000
Volkswagen Polo,2010,DIESEL,120000,,Second,215000
Maruti Suzuki Alto K10,2012,PETROL,17000,,1st,225000
Honda City Zx,2007,CNG & HYBRIDS,115000,,2nd,150000
Bmw 3 Series,2012,DIESEL,108000,,2nd,789000
Toyota Innova,2014,DIESEL,145000,,2nd,800000
Toyota Innova,2013,DIESEL,220000,,1st,799999
Mahindra Xylo,2009,DIESEL,930000,,2nd,249000
Hyundai Santro Xing,2009,PETROL,65000,,2nd,139000
Hyundai Verna,2010,PETROL,59000,,2nd,195000
Porsche Cayenne,2009,PETROL,28000,,1st,1500000
Honda Accord,2007,PETROL,80000,,2nd,185000
Chevrolet Enjoy,2014,DIESEL,90000,,1st,285000
Maruti Suzuki A-Star,2010,PETROL,51000,,2nd,145000
Hyundai I20,2009,PETROL,41000,,2nd,190000
Honda Amaze,2015,DIESEL,74000,,1st,375000
Mercedes-Benz E-Class,2016,DIESEL,51000,,1st,2050000
Audi A6,2013,DIESEL,66000,,1st,1425111
Tata Venture,2011,DIESEL,60000,,1st,211000
Maruti Suzuki Alto K10,2012,CNG & HYBRIDS,71000,,2nd,235000
Tata Indica,2004,PETROL,90000,,Second,75000
Toyota Innova,2013,DIESEL,58000,,First,875000
Hyundai I20,2013,PETROL,29000,,2nd,339000
Volkswagen Vento,2015,PETROL,58000,,1st,651000
Toyota Alphard,2006,PETROL,60000,,2nd,1200000
Volkswagen Vento,2010,PETROL,135000,,2nd,225000
Chevrolet Beat,2012,DIESEL,105000,,2nd,165000
Hyundai Verna,2021,PETROL,9600,,1st,1200000
Honda City,2013,CNG & HYBRIDS,83000,,2nd,400000
Ford Ecosport,2018,PETROL,45000,,2nd,900000
Honda Amaze,2016,PETROL,13000,,1st,599000
Maruti Suzuki Baleno,2016,PETROL,38000,,2nd,525000
Mahindra Scorpio,2012,DIESEL,89075,,2nd,495000
Maruti Suzuki Wagon R,2008,PETROL,93366,,4th,130000
Honda City,2016,PETROL,51000,,1st,680000
Mahindra Xuv500,2017,DIESEL,84000,,2nd,1250000
Hyundai I20,2009,PETROL,65000,,2nd,269013
Maruti Suzuki Ignis,2017,PETROL,29789,,--,456000
Maruti Suzuki Ciaz,2016,PETROL,71000,,1st,599999
Maruti Suzuki Baleno,2021,PETROL,1,,--,664082
Maruti Suzuki Zen,2006,PETROL,90000,,First,55000
Maruti Suzuki Eeco,2017,PETROL,30000,,First,325000
Mercedes-Benz Others,2020,DIESEL,11000,,1st,450000
Chevrolet Cruze,2011,DIESEL,60000,,1st,285000
Maruti Suzuki Swift Dzire,2017,PETROL,38000,,1st,700000
Hyundai Others,2020,CNG & HYBRIDS,8000,,1st,750000
Skoda Laura,2007,DIESEL,165000,,4th,180000
Hyundai Others,2020,PETROL,5600,,1st,665000
Maruti Suzuki Alto,2009,PETROL,59000,,1st,110000
Maruti Suzuki Alto,2011,PETROL,87000,,1st,135000
Bmw 3 Series,2010,PETROL,56000,,2nd,475000
Toyota Innova,2011,DIESEL,160000,,1st,725000
Maruti Suzuki Wagon R 1.0,2018,CNG & HYBRIDS,60000,,1st,485000
Mercedes-Benz E-Class,2014,DIESEL,54000,,1st,1700000
Mercedes-Benz M-Class,2014,DIESEL,53000,,1st,2300000
Toyota Fortuner,2015,DIESEL,145000,,1st,1700000
Maruti Suzuki Alto K10,2015,PETROL,38500,,3rd,265000
Honda Brio,2013,PETROL,50000,,2nd,331000
Toyota Etios Liva,2012,PETROL,82500,,2nd,335000
Mahindra Bolero,2014,DIESEL,112000,,1st,520000
Volkswagen Polo,2010,PETROL,140000,,Second,220000
Bmw 3 Series,2014,DIESEL,105000,,Third,1400000
Maruti Suzuki Swift Dzire,2014,DIESEL,280000,,1st,550000
Skoda Rapid,2013,DIESEL,70000,,1st,370000
Maruti Suzuki Baleno,2016,PETROL,48400,,1st,600000
Maruti Suzuki Swift Dzire,2020,PETROL,42000,,1st,850000
Maruti Suzuki Vitara Brezza,2016,DIESEL,65000,,2nd,750000
Maruti Suzuki Celerio,2017,PETROL,30000,,1st,499000
Hyundai I20,2015,DIESEL,59000,,2nd,469000
Maruti Suzuki Alto,2008,PETROL,58000,,2nd,88000
Hyundai I20,2012,PETROL,50000,,2nd,371000
Hyundai I10,2012,PETROL,40000,,1st,381000
Toyota Innova Crysta,2016,DIESEL,37000,,2nd,1575000
Maruti Suzuki Ciaz,2017,DIESEL,58000,,1st,825000
Toyota Corolla Altis,2009,PETROL,50000,,1st,430000
Bmw X3,2018,DIESEL,30000,,1st,5175000
Hyundai Creta,2018,PETROL,25000,,1st,1399999
Hyundai Verna,2011,DIESEL,55000,,2nd,425111
Chevrolet Sail U-Va,2012,DIESEL,61000,,1st,250000
Chevrolet Beat,2012,DIESEL,76744,,1st,250000
Mercedes-Benz E-Class,2011,DIESEL,63000,,Second,1100000
Maruti Suzuki Zen Estilo,2007,CNG,78000,,Second,125000
Hyundai Venue,2019,PETROL,32000,,1st,1175000
Fiat Premier Padmini (1996),1996,DIESEL,70,,4th,99999
Hyundai Xcent,2018,CNG & HYBRIDS,101000,,1st,400000
Hyundai I20,2009,CNG & HYBRIDS,88000,,3rd,200000
Hyundai Venue,2019,DIESEL,15000,,1st,1075000
Toyota Innova,2005,DIESEL,195000,,3rd,255000
Maruti Suzuki Swift,2012,DIESEL,103000,,2nd,340000
Honda City Zx,2008,PETROL,96000,,2nd,155000
Toyota Innova,2006,DIESEL,200000,,3rd,250000
Maruti Suzuki Alto K10,2011,PETROL,34000,,2nd,185000
Maruti Suzuki Swift,2018,PETROL,36000,,1st,550000
Bajaj Others,2017,DIESEL,40000,,1st,145000
Maruti Suzuki Vitara Brezza,2017,DIESEL,68000,,1st,675000
Maruti Suzuki Wagon R 1.0,2013,PETROL,113000,,1st,295000
Audi A4,2013,DIESEL,79500,,3rd,1275000
Maruti Suzuki Swift Dzire,2017,PETROL,55877,,--,645000
Skoda Superb,2015,DIESEL,77290,,First,1175000
Volkswagen Vento,2011,PETROL,40130,,First,350000
Hyundai Fluidic Verna,2015,DIESEL,106000,,1st,645000
Maruti Suzuki Alto K10,2011,PETROL,47000,,1st,215000
Ford Figo,2012,DIESEL,67000,,1st,250000
Maruti Suzuki Alto K10,2011,PETROL,47000,,1st,215000
Ford Aspire,2016,DIESEL,85000,,2nd,550000
Maruti Suzuki Swift Dzire,2010,PETROL,93000,,3rd,210000
Ford Fiesta,2014,PETROL,71000,,1st,319000
Nissan Teana,2007,PETROL,10,,4th,225000
Honda City,2011,PETROL,62000,,2nd,325000
Hyundai Elite I20,2016,PETROL,38000,,1st,549000
Ford Figo Aspire,2017,PETROL,44000,,1st,449000
Maruti Suzuki Swift,2013,PETROL,56000,,2nd,399000
Maruti Suzuki Swift Dzire,2015,PETROL,42000,,1st,489000
Maruti Suzuki Swift Dzire,2012,PETROL,44000,,2nd,349000
Maruti Suzuki Ertiga,2017,DIESEL,64000,,1st,950000
Mahindra Xuv500,2016,DIESEL,145238,,--,1200000
Honda City,2016,PETROL,34213,,--,723000
Maruti Suzuki Wagon R,2008,PETROL,90000,,Third,160000
Audi A4,2012,DIESEL,70000,,Fourth,1009999
Tata Nexon,2018,DIESEL,45000,,1st,699000
Hyundai Accent,2010,PETROL,29000,,2nd,221000
Volkswagen Vento,2014,PETROL,46700,,1st,595000
Nissan Micra,2012,DIESEL,65000,,1st,285000
Maruti Suzuki Eeco,2014,CNG & HYBRIDS,79000,,2nd,320000
Maruti Suzuki Alto K10,2011,PETROL,47000,,1st,215000
Kia Seltos,2020,PETROL,4500,,1st,1885000
Mahindra Xuv500,2016,DIESEL,17500,,1st,1365000
Hyundai Creta,2017,DIESEL,107000,,1st,895000
Toyota Prado,2012,DIESEL,90000,,2nd,3800000
Bmw X1,2012,DIESEL,60000,,2nd,800000
Audi A4,2012,PETROL,50000,,1st,800000
Hyundai Fluidic Verna,2011,DIESEL,79000,,2nd,425000
Land Rover Range Rover Velar,2016,PETROL,16000,,1st,8399000
Toyota Etios Liva,2012,DIESEL,39000,,1st,365000
Maruti Suzuki Vitara Brezza,2016,DIESEL,43785,,2nd,825000
Mahindra Xuv500,2017,DIESEL,47000,,1st,1425000
Audi Q5,2018,DIESEL,32000,,2nd,4275000
Tata Indica,2005,DIESEL,90000,,Second,100000
Volkswagen Vento,2012,DIESEL,70000,,Second,325000
Maruti Suzuki Swift Dzire,2010,DIESEL,189700,,1st,335000
Hyundai Creta,2018,DIESEL,52000,,1st,1095000
Maruti Suzuki Alto,2011,PETROL,49000,,1st,189000
Hyundai Xcent,2016,DIESEL,67533,,1st,253000
Hyundai I10,2012,CNG & HYBRIDS,58000,,2nd,275000
Renault Duster,2015,PETROL,10000,,1st,575000
Maruti Suzuki Wagon R 1.0,2017,PETROL,22000,,2nd,425000
Chevrolet Beat,2012,PETROL,39000,,1st,235000
Maruti Suzuki Ertiga,2018,CNG & HYBRIDS,90000,,1st,775000
Mahindra Thar,2013,DIESEL,40000,,2nd,450000
Maruti Suzuki Alto K10,2011,PETROL,46000,,2nd,185000
Ford Fiesta,2011,PETROL,77000,,2nd,211000
Hyundai Elite I20,2017,DIESEL,21000,,1st,689000
Maruti Suzuki Wagon R,2007,PETROL,36500,,2nd,107000
Maruti Suzuki Wagon R 1.0,2011,PETROL,39000,,1st,275000
Honda Brio,2012,PETROL,26000,,1st,265000
Bmw 5 Series,2018,DIESEL,36000,,1st,4400000
Hyundai Creta,2018,DIESEL,88613,,1st,1200000
Chevrolet Optra Magnum,2007,DIESEL,90000,,Second,157000
Maruti Suzuki Swift Dzire,2008,CNG,90000,,Third,225000
Maruti Suzuki Wagon R 1.0,2015,PETROL,48000,,1st,375000
Nissan Micra,2014,DIESEL,50000,,1st,420000
Hyundai I20,2012,PETROL,45000,,2nd,450000
Hyundai I20 Active,2015,PETROL,41000,,1st,525000
Maruti Suzuki Ritz,2011,DIESEL,77000,,2nd,290000
Maruti Suzuki Baleno,2017,PETROL,49148,,1st,625000
Maruti Suzuki Swift Dzire,2016,PETROL,10800,,1st,575000
Toyota Innova Crysta,2017,DIESEL,72000,,1st,1650000
Maruti Suzuki Zen Estilo,2009,PETROL,36000,,3rd,125000
Maruti Suzuki Estilo,2007,PETROL,73000,,2nd,100000
Hyundai Grand I10,2010,PETROL,59000,,1st,180000
Chevrolet Spark,2011,PETROL,240000,,3rd,155000
Hyundai Verna,2018,DIESEL,113000,,1st,890000
Skoda Superb,2012,DIESEL,71000,,1st,650000
Mahindra Scorpio,2014,DIESEL,64000,,1st,725000
Toyota Innova Crysta,2017,DIESEL,89329,,1st,1675000
Ford Endeavour,2019,DIESEL,56700,,1st,3200000
Honda Brio,2012,PETROL,65000,,2nd,275000
Ashok Leyland Stile,2014,DIESEL,20000,,First,350000
Toyota Innova Crysta,2017,DIESEL,70000,,First,1750000
Skoda Octavia,2007,DIESEL,125000,,2nd,189999
Nissan Sunny,2012,PETROL,92000,,2nd,285000
Toyota Innova,2014,DIESEL,151000,,2nd,650000
Ford Figo,2011,PETROL,65000,,1st,245000
Maruti Suzuki Swift,2018,DIESEL,77711,,2nd,730000
Ford Figo,2010,DIESEL,78000,,--,130000
Skoda Rapid,2018,DIESEL,47000,,2nd,699000
Toyota Innova Crysta,2018,DIESEL,61000,,1st,2145000
Maruti Suzuki Swift,2012,PETROL,60000,,2nd,350000
Volkswagen Ameo,2016,PETROL,86000,,2nd,425000
Maruti Suzuki Swift Dzire,2011,DIESEL,62346,,1st,360000
Maruti Suzuki A-Star,2011,PETROL,50000,,1st,190000
Hyundai I20,2016,DIESEL,56000,,1st,690000
Mahindra Xuv500,2016,DIESEL,41000,,2nd,990000
Mercedes-Benz Gl-Class,2016,DIESEL,67000,,1st,3800000
Honda Amaze,2015,DIESEL,64681,,1st,500000
Toyota Innova,2011,DIESEL,106000,,1st,675000
Volkswagen Passat,2010,PETROL,78000,,2nd,345000
Toyota Corolla Altis,2008,PETROL/COMPRESSED NATURAL GAS,119000,,Second,230000
Hyundai Grand I 10,2010,PETROL,20000,,Second,399999
Aston Martin V8 Vantage,2011,PETROL,12000,,2nd,6500000
Mahindra Bolero Pik-Up,2018,DIESEL,20000,,2nd,720000
Tata Nano,2013,PETROL,12000,,2nd,105000
Honda Cr-V,2007,PETROL,68000,,3rd,295000
Honda Amaze,2017,DIESEL,90000,,3rd,390000
Toyota Corolla Altis,2011,DIESEL,70000,,2nd,365000
Maruti Suzuki Wagon R,2012,CNG & HYBRIDS,68000,,2nd,250000
Mahindra Others (1998),1998,DIESEL,50000,,1st,300000
Maruti Suzuki Swift Dzire,2016,DIESEL,150000,,2nd,600000
Maruti Suzuki Alto K10,2012,PETROL,70000,,1st,195000
Tata Indica E V2,2016,CNG & HYBRIDS,55552,,1st,185000
Hyundai I10,2010,PETROL,72000,,1st,230000
Volkswagen Passat,2012,DIESEL,90000,,1st,525000
Mahindra Xuv500,2012,DIESEL,72000,,2nd,500000
Maruti Suzuki Wagon R,2011,PETROL,86000,,2nd,215000
Mahindra Xuv500,2011,DIESEL,88730,,2nd,499000
Maruti Suzuki Swift,2007,PETROL,60252,,2nd,165000
Maruti Suzuki Swift Dzire,2012,PETROL,30000,,1st,415000
Hyundai Xcent,2017,CNG,90000,,First,450000
Toyota Innova Crysta,2018,DIESEL,40000,,Second,1790000
Mahindra Xuv500,2018,DIESEL,28000,,1st,1745000
Toyota Corolla Altis,2010,DIESEL,140000,,2nd,399000
Hyundai Eon,2013,PETROL,64000,,2nd,235000
Maruti Suzuki Wagon R 1.0,2014,CNG & HYBRIDS,37612,,2nd,335000
Maruti Suzuki Wagon R,2009,PETROL,50000,,1st,150000
Hyundai I20,2013,PETROL,44000,,2nd,380000
Maruti Suzuki 1000 (2001),2001,PETROL,2001,,1st,20000
Maruti Suzuki Wagon R,2020,CNG & HYBRIDS,23000,,1st,550000
Ford Endeavour,2021,DIESEL,6500,,1st,3600000
Volkswagen Vento,2011,DIESEL,140000,,2nd,250000
Hyundai Xcent,2016,CNG & HYBRIDS,63000,,1st,460000
Maruti Suzuki Wagon R,2021,PETROL,7500,,1st,575000
Tata Nexon,2018,PETROL,12885,,--,794000
Tata Nexon,2018,PETROL,12885,,--,794000
Tata Nano,2011,PETROL,68000,,2nd,55000
Skoda Octavia,2013,DIESEL,77719,,2nd,775000
Audi Q3,2017,DIESEL,53848,,--,2460000
Volkswagen Polo,2013,DIESEL,105741,,1st,499000
Mahindra Kuv 100,2016,DIESEL,73000,,First,430000
Skoda Rapid,2013,DIESEL,90000,,Second,375000
Chevrolet Spark,2009,PETROL,43000,,3rd,78000
Tata Aria,2014,DIESEL,76000,,2nd,425000
Mitsubishi Outlander,2012,PETROL,89000,,1st,650000
Skoda Rapid,2012,DIESEL,98000,,2nd,321000
Bmw X1,2012,DIESEL,80000,,1st,911000
Mercedes-Benz E-Class,2011,DIESEL,39000,,2nd,1095000
Mahindra Scorpio,2012,DIESEL,135000,,3rd,420000
Maruti Suzuki Wagon R,2006,PETROL,89000,,2nd,105000
Maruti Suzuki Wagon R 1.0,2017,CNG & HYBRIDS,47000,,1st,455000
Maruti Suzuki Wagon R 1.0,2018,CNG & HYBRIDS,69016,,1st,475000
Toyota Corolla Altis,2009,PETROL,50000,,1st,430000
Hyundai Grand I10 Nios,2019,PETROL,21000,,1st,725000
Maruti Suzuki Wagon R Stingray,2013,PETROL,35800,,2nd,359999
Tata Hexa,2017,DIESEL,50300,,1st,1395000
Maruti Suzuki 800,2006,PETROL,80000,,1st,75000
Toyota Innova,2010,DIESEL,122000,,1st,542000
Toyota Innova Crysta,2016,DIESEL,45300,,1st,1550000
Hyundai Fluidic Verna,2012,DIESEL,10000,,Second,430000
Mahindra Scorpio,2005,DIESEL,120000,,First,200000
Maruti Suzuki Omni,2008,LPG,60000,,2nd,110000
Maruti Suzuki Wagon R,2020,CNG & HYBRIDS,15000,,1st,550000
Toyota Innova Crysta,2018,DIESEL,25000,,1st,1899000
Chevrolet Beat,2012,PETROL,39000,,1st,235000
Hyundai Fluidic Verna,2013,DIESEL,75000,,--,455000
Tata Nano,2015,PETROL,3000,,1st,160000
Renault Kwid,2016,PETROL,26000,,1st,296000
Honda City,2016,PETROL,43500,,1st,875000
Maruti Suzuki Wagon R 1.0,2017,PETROL,22000,,2nd,425000
Ford Figo,2011,PETROL,66000,,1st,271000
Maruti Suzuki Baleno,2016,PETROL,40530,,1st,615000
Renault Duster,2015,PETROL,10000,,1st,575000
Mini 3 Door,2017,DIESEL,100000,,1st,1200000
Volkswagen Jetta,2013,DIESEL,133000,,2nd,650000
Honda Civic,2007,CNG & HYBRIDS,91000,,1st,135000
