Car Name,Year,Fuel,Car Driven,Transmission,Owner,price
Mahindra Xuv500,2015,DIESEL,62401,,1st,699000
Honda Jazz,2010,PETROL,47874,,1st,311000
Mahindra Xuv500,2017,DIESEL,8,,1st,1375000
Honda City,2014,PETROL,59000,,Second,575000
Mahindra Thar,2017,DIESEL,44000,,First,800000
Mercedes-Benz Cla,2015,DIESEL,15000,,1st,2400000
Maruti Suzuki Alto K10,2015,PETROL,25,,3rd,260000
Honda City,2015,PETROL,18000,,1st,600000
Hyundai I20,2013,PETROL,53680,,--,350000
Renault Duster,2013,DIESEL,60000,,1st,460000
Maruti Suzuki Alto,2006,PETROL,65239,,1st,90000
Maruti Suzuki Swift,2018,DIESEL,54000,,1st,700000
Hyundai I20,2013,DIESEL,58000,,1st,445000
Maruti Suzuki Swift,2016,DIESEL,38461,,1st,525000
Toyota Etios Cross,2016,PETROL,21000,,1st,460000
Maruti Suzuki Swift Dzire,2016,PETROL,78000,,2nd,600000
Maruti Suzuki Eeco,2020,PETROL,24000,,1st,440000
Tata Indica Vista,2012,DIESEL,38000,,2nd,170000
Mahindra Others,2013,DIESEL,56326,,1st,125000
Ford Aspire,2016,DIESEL,60000,,1st,500000
Hyundai Xcent,2014,PETROL,54000,,1st,450000
Maruti Suzuki Omni,2001,PETROL,55000,,1st,125000
Renault Pulse,2015,DIESEL,53000,,1st,350000
Renault Duster,2013,DIESEL,37500,,First,580000
Tata Safari,2011,DIESEL,70000,,First,500000
Maruti Suzuki 800,2003,LPG,60000,,1st,42000
Maruti Suzuki Others,2021,PETROL,99999,,1st,15000
Ford Ecosport,2019,DIESEL,33000,,1st,900000
Maruti Suzuki Ignis,2019,PETROL,28106,,1st,570000
Force Motors Force One,2014,DIESEL,58000,,1st,340000
Maruti Suzuki Wagon R,2009,PETROL,38000,,3rd,150000
Maruti Suzuki Swift Dzire,2017,DIESEL,38000,,1st,670000
Maruti Suzuki Ertiga,2017,DIESEL,48000,,1st,825000
Maruti Suzuki Ignis,2018,PETROL,26000,,1st,450000
Mahindra Xuv500,2013,DIESEL,81000,,2nd,725000
Maruti Suzuki Vitara Brezza,2017,DIESEL,83800,,1st,750000
Hyundai Santro,2019,PETROL,12000,,1st,550000
Hyundai Eon,2015,PETROL,21000,,1st,280000
Hyundai Tucson,2017,DIESEL,105000,,1st,1695000
Renault Kwid,2018,PETROL,37000,,1st,360000
Mahindra Kuv 100,2017,DIESEL,54087,,1st,425000
Nissan Terrano,2014,DIESEL,68000,,1st,580000
Maruti Suzuki Swift Dzire,2018,DIESEL,60000,,1st,785000
Maruti Suzuki 800,2006,PETROL,70000,,Third,70000
Ford Fiesta,2006,PETROL,70000,,First,130000
Chevrolet Beat,2013,DIESEL,90000,,4th,230000
Ford Endeavour,2017,DIESEL,75000,,1st,1825000
Skoda Rapid,2012,DIESEL,70000,,2nd,370000
Bmw X1,2014,DIESEL,76000,,1st,1700000
Hyundai Eon,2017,PETROL,27000,,1st,310000
Mahindra Bolero,2012,DIESEL,58000,,2nd,450000
Maruti Suzuki Swift Dzire,2017,DIESEL,46000,,1st,800000
Hyundai Grand I10 Nios,2019,PETROL,17000,,2nd,565000
Honda City,2015,PETROL,46000,,1st,585000
Mahindra Quanto,2013,DIESEL,55000,,1st,300000
Maruti Suzuki Eeco,2020,PETROL,17400,,1st,475000
Volkswagen Crosspolo,2013,DIESEL,68000,,1st,470000
Maruti Suzuki Swift Dzire,2016,PETROL,54000,,2nd,500000
Mahindra Scorpio,2019,DIESEL,60000,,1st,1150000
Maruti Suzuki Ertiga,2017,DIESEL,63000,,1st,790000
Mahindra Xuv500,2013,DIESEL,80202,,1st,790000
Skoda Laura,2012,DIESEL,60000,,2nd,450000
Chevrolet Cruze,2010,DIESEL,57845,,2nd,385000
Hyundai I10,2012,PETROL,90000,,First,290000
Ford Figo,2015,DIESEL,70000,,Third,210000
Jeep Compass,2019,DIESEL,59000,,1st,2011000
Mahindra Scorpio,2014,DIESEL,69000,,1st,790000
Hyundai I20,2017,DIESEL,19000,,1st,770000
Ford Figo,2010,DIESEL,56000,,2nd,200000
Honda Brio,2015,PETROL,58000,,2nd,395000
Maruti Suzuki Swift Dzire,2018,DIESEL,39000,,1st,785000
Mahindra Thar,2017,DIESEL,21000,,2nd,825000
Maruti Suzuki Eeco,2020,PETROL,17000,,1st,475000
Honda Mobilio,2015,DIESEL,56000,,1st,625000
Hummer Others,2020,DIESEL,200,,1st,100000
Maruti Suzuki Alto 800,2007,PETROL,70000,,1st,120000
Maruti Suzuki Swift Dzire,2010,DIESEL,65700,,1st,340000
Maruti Suzuki Wagon R Duo,2009,PETROL,117000,,4+,140000
Toyota Fortuner,2017,DIESEL,69000,,1st,2500000
Chevrolet Tavera,2015,PETROL,200000,,2nd,506500
Mahindra Xuv500,2018,DIESEL,65694,,1st,1490000
Ford Ecosport,2013,DIESEL,58000,,1st,490000
Audi Q3,2015,DIESEL,81568,,1st,2200000
Tata Indigo Cs,2016,DIESEL,999999,,First,220000
Maruti Suzuki Alto 800,2005,CNG,50000,,Second,85000
Tata Safari,2011,DIESEL,92000,,2nd,345000
Hyundai Verna,2018,DIESEL,59000,,1st,1090000
Maruti Suzuki Swift Dzire,2016,PETROL,49000,,2nd,500000
Hyundai Elite I20,2018,PETROL,28000,,2nd,630000
Hyundai I10,2010,PETROL,54000,,1st,270000
Honda City,2007,PETROL,85000,,3rd,50000
Mahindra Scorpio,2015,DIESEL,50000,,1st,900000
Maruti Suzuki 800,2004,PETROL,100000,,3rd,45000
Hyundai Xcent,2014,DIESEL,60000,,1st,365000
Jeep Others,1942,PETROL,40000,,2nd,5300000
Maruti Suzuki Eeco,2011,PETROL,42000,,2nd,225000
Maruti Suzuki Swift,2009,DIESEL,52996,,1st,275000
Maruti Suzuki Swift,2018,PETROL,26000,,2nd,575000
Maruti Suzuki Swift,2020,PETROL,20000,,1st,650000
Maruti Suzuki Baleno,2020,DIESEL,13000,,1st,740000
Hyundai Eon,2014,PETROL,40725,,1st,265000
Ford Ecosport,2016,DIESEL,54586,,1st,650000
Maruti Suzuki Alto K10,2012,PETROL,56000,,1st,245000
Maruti Suzuki Wagon R,2007,PETROL,60000,,Second,189967
Ford Ecosport,2013,DIESEL,65000,,Second,495000
Hyundai Elite I20,2015,DIESEL,63000,,1st,650000
Honda Brio,2016,PETROL,24000,,1st,475000
Mahindra Thar,2017,DIESEL,33000,,2nd,790000
Maruti Suzuki Sx4,2014,DIESEL,79000,,1st,485000
Honda Mobilio,2014,DIESEL,48000,,1st,575000
Tata Indica Vista,2013,DIESEL,83000,,3rd,210000
Maruti Suzuki Ertiga,2015,DIESEL,46000,,1st,680000
Honda City,2004,PETROL,87000,,1st,170000
Maruti Suzuki Omni,2010,LPG,10256,,2nd,150000
Maruti Suzuki Alto,2010,LPG,25000,,1st,185000
Ford Aspire,2016,DIESEL,60255,,1st,460000
Maruti Suzuki Alto 800,2015,PETROL,50500,,1st,280000
Maruti Suzuki Zen,1997,PETROL,65000,,2nd,65000
Maruti Suzuki Baleno,2020,PETROL,5400,,2nd,860000
Skoda Octavia,2015,DIESEL,79000,,1st,1251000
Honda Amaze,2016,DIESEL,67298,,1st,565000
Hyundai Grand I10,2016,PETROL,48200,,1st,480000
Maruti Suzuki Gypsy,1991,PETROL,2000,,4+,150000
Tata Indigo Cs,2010,DIESEL,120000,,First,120000
Mahindra Xuv500,2011,DIESEL,101600,,2nd,530000
Renault Duster,2017,PETROL,40000,,1st,640000
Nissan Micra,2010,PETROL,85700,,1st,175000
Maruti Suzuki Alto 800,2015,PETROL,66500,,1st,260000
Maruti Suzuki Alto 800,2015,PETROL,46226,,1st,260000
Maruti Suzuki Alto 800,2017,LPG,64000,,1st,299000
Audi Q3,2015,DIESEL,50683,,1st,2200000
Kia Seltos,2020,PETROL,5000,,1st,1375000
Skoda Rapid,2013,DIESEL,85000,,2nd,370000
Other Brands Others,2009,DIESEL,65000,,1st,190000
Maruti Suzuki Wagon R 1.0,2012,PETROL,54000,,1st,290000
Hyundai Accent,2009,PETROL,90000,,3rd,130000
Maruti Suzuki Wagon R,2010,PETROL,35680,,1st,255000
Chevrolet Beat,2011,DIESEL,85000,,3rd,225000
Chevrolet Beat,2014,DIESEL,52000,,1st,200000
Hyundai I20,2015,PETROL,74000,,1st,580000
Hyundai Elite I20,2014,DIESEL,58433,,1st,585000
Maruti Suzuki Wagon R,2008,PETROL,48000,,1st,220000
Nissan Micra,2011,DIESEL,123000,,First,300000
Maruti Suzuki Swift,2014,PETROL,18000,,First,460000
Maruti Suzuki Grand Vitara,2018,DIESEL,81000,,1st,860000
Ford Figo,2011,DIESEL,41000,,1st,270000
Maruti Suzuki Alto K10,2017,PETROL,34000,,1st,300000
Maruti Suzuki Ritz,2016,DIESEL,62741,,2nd,424999
Mahindra Scorpio,2011,DIESEL,74815,,1st,474999
Mahindra Scorpio,2013,DIESEL,74512,,1st,489999
Volkswagen Passat,2011,PETROL,39452,,1st,574999
Honda City,2016,DIESEL,62214,,1st,544999
Hyundai Grand I10,2014,PETROL,68541,,1st,345000
Maruti Suzuki Celerio,2016,PETROL,38856,,1st,374999
Mahindra Quanto,2013,DIESEL,65823,,1st,225000
Ford Fiesta,2006,DIESEL,71643,,2nd,124999
Mahindra Kuv 100,2016,DIESEL,48000,,1st,440000
Maruti Suzuki Ritz,2015,PETROL,49000,,1st,435000
Other Brands Others,2015,ELECTRIC,100000,,3rd,45000
Mahindra Quanto,2018,DIESEL,62000,,2nd,480000
Ford Figo Aspire,2019,DIESEL,32582,,1st,490000
Mahindra Xylo,2010,DIESEL,215000,,1st,350000
Tata Manza,2012,DIESEL,73500,,Third,230000
,2018,,70000,,,975000
Ford Ecosport,2014,DIESEL,102000,,1st,475000
Nissan Sunny,2012,PETROL,91000,,2nd,275000
Maruti Suzuki 800,1997,PETROL,100000,,2nd,25000
Maruti Suzuki Ertiga,2013,DIESEL,28000,,1st,700000
Toyota Innova,2013,DIESEL,250000,,1st,750000
Mahindra Xuv500,2017,DIESEL,80000,,1st,1300000
Hyundai Verna,2013,DIESEL,65000,,1st,590000
Maruti Suzuki 800,1998,PETROL,57000,,1st,90000
Honda City,2014,DIESEL,61000,,2nd,715000
Mahindra Xuv500,2018,DIESEL,58000,,1st,1625000
Honda City,2004,PETROL,100000,,4+,85000
Mahindra Xuv500,2012,DIESEL,70000,,1st,600000
Fiat Grand Punto,2011,DIESEL,148000,,3rd,140000
Mahindra Bolero Pik-Up,2020,DIESEL,65000,,1st,400000
Maruti Suzuki Alto 800,2014,PETROL,46000,,1st,110000
Mahindra Scorpio,2011,DIESEL,83000,,1st,450000
Mahindra Scorpio,2017,DIESEL,57000,,1st,951000
Honda Brio,2011,PETROL,47318,,1st,365000
Porsche 911,2019,PETROL,10000,,First,450000
Maruti Suzuki Gypsy,2000,PETROL,120000,,Third,120000
Maruti Suzuki Swift,2018,DIESEL,36000,,1st,710000
Maruti Suzuki Alto 800,2014,PETROL,46000,,1st,110000
Maruti Suzuki Swift Dzire,2018,DIESEL,38000,,1st,725000
Tata Indigo Ecs,2012,DIESEL,24,,2nd,200000
Maruti Suzuki Alto 800,2014,PETROL,46000,,1st,110000
Mahindra Others,1972,DIESEL,30000,,2nd,325000
Hyundai I20,2011,DIESEL,200000,,3rd,270000
Maruti Suzuki Gypsy,2010,DIESEL,50000,,2nd,180000
Mahindra Scorpio,2009,DIESEL,165500,,2nd,375000
Ford Figo Aspire,2018,DIESEL,80000,,1st,620000
Maruti Suzuki Gypsy,2010,DIESEL,50000,,2nd,160000
Maruti Suzuki Ertiga,2016,DIESEL,45000,,1st,875000
Honda Civic Hybrid,2009,PETROL,37069,,1st,380000
Mahindra Scorpio,2016,DIESEL,90000,,2nd,750000
Maruti Suzuki Eeco,2018,CNG & HYBRIDS,43600,,1st,500000
Mitsubishi Pajero,2009,DIESEL,160000,,2nd,650000
Mahindra Xuv500,2013,DIESEL,129000,,2nd,651000
Maruti Suzuki Swift Dzire,2013,DIESEL,45000,,1st,575000
Maruti Suzuki Swift Dzire,2016,DIESEL,72000,,First,590000
Maruti Suzuki Gypsy,2004,PETROL,90000,,Third,220000
Jaguar Xe,2018,DIESEL,43000,,1st,3600000
Maruti Suzuki Swift,2013,DIESEL,64215,,2nd,425000
Chevrolet Captiva,2015,DIESEL,52352,,1st,749999
Mahindra Scorpio,2010,DIESEL,71542,,1st,324999
Mahindra Bolero,2006,DIESEL,72581,,2nd,225000
Hyundai Grand I10,2015,DIESEL,44000,,1st,450000
Skoda Rapid,2015,DIESEL,58000,,1st,640000
Maruti Suzuki Swift,2019,DIESEL,21000,,1st,700000
Hyundai Creta,2018,DIESEL,29000,,1st,1300000
Mahindra Scorpio,2018,DIESEL,55000,,1st,1040000
Maruti Suzuki Alto,2005,PETROL,60000,,3rd,120000
Maruti Suzuki Swift Dzire,2016,PETROL,38000,,1st,500000
Maruti Suzuki Ciaz,2016,DIESEL,60000,,2nd,600000
Maruti Suzuki Baleno,2019,DIESEL,21000,,1st,700000
Mitsubishi Lancer,2008,DIESEL,30000,,2nd,250000
Maruti Suzuki Baleno,2019,PETROL,31000,,1st,650000
Maruti Suzuki Ciaz,2017,PETROL,39676,,1st,799000
Honda Amaze,2013,DIESEL,58643,,1st,440000
Maruti Suzuki Alto,2002,PETROL,90000,,Second,70000
Hyundai Creta,2015,DIESEL,112000,,First,1000000
Hyundai Fluidic Verna,2013,DIESEL,75000,,2nd,475000
Renault Kwid,2018,PETROL,47242,,1st,325000
Mahindra Bolero,2008,DIESEL,68000,,1st,300000
Hyundai Elantra,2013,DIESEL,57000,,1st,800000
Maruti Suzuki Ertiga,2018,DIESEL,52000,,1st,950000
Tata Indica V2,2014,DIESEL,50400,,1st,240000
Tata Indica Vista,2014,DIESEL,87992,,1st,250000
Mahindra Bolero Pik-Up,2014,DIESEL,290000,,3rd,590000
Maruti Suzuki Swift Dzire,2011,PETROL,81000,,1st,325000
Maruti Suzuki Ritz,2013,DIESEL,71000,,2nd,345000
Maruti Suzuki Ertiga,2013,DIESEL,76000,,2nd,625000
Tata Others,2017,DIESEL,150000,,1st,2200000
Maruti Suzuki Baleno,2005,PETROL,75000,,4th,75000
Maruti Suzuki Swift Dzire,2015,DIESEL,68000,,1st,550000
Maruti Suzuki Ritz,2013,DIESEL,56000,,2nd,325000
Maruti Suzuki Ciaz,2019,DIESEL,36288,,1st,750000
Toyota Fortuner,2017,DIESEL,67000,,2nd,2500000
Honda City,2014,DIESEL,58463,,1st,640000
Toyota Innova,2014,DIESEL,120000,,First,1100000
Ford Ecosport,2019,PETROL,40000,,First,950000
Tata Indigo,2013,DIESEL,120000,,1st,195000
Tata Indigo Ecs,2012,DIESEL,140000,,1st,150000
Tata Indigo Ecs,2011,DIESEL,56000,,1st,180000
Maruti Suzuki Swift,2018,DIESEL,55000,,1st,600000
Maruti Suzuki Wagon R,2014,PETROL,35000,,1st,295000
Renault Pulse,2012,DIESEL,54000,,1st,325000
Maruti Suzuki Swift,2018,DIESEL,42000,,1st,650000
Maruti Suzuki Ritz,2015,DIESEL,70000,,1st,430000
Mahindra Bolero,2018,DIESEL,35655,,1st,310000
Tata Indigo Ecs,2010,DIESEL,111111,,4+,100000
Hyundai Xcent,2017,DIESEL,87000,,3rd,355000
Maruti Suzuki Alto 800,2018,PETROL,31000,,1st,325000
Volkswagen Vento,2011,DIESEL,93000,,3rd,200000
Hyundai Xcent,2014,PETROL,57235,,1st,425000
Maruti Suzuki Swift Dzire,2011,DIESEL,99360,,2nd,380000
Maruti Suzuki Baleno,2016,PETROL,22700,,1st,550000
Toyota Innova,2010,DIESEL,82846,,2nd,510000
Datsun Redigo,2017,PETROL,39000,,1st,265000
Renault Kwid,2018,PETROL,10000,,First,320000
Skoda Superb,2009,PETROL,50000,,First,355000
Maruti Suzuki Vitara Brezza,2019,DIESEL,39000,,1st,850000
Maruti Suzuki Swift,2009,PETROL,75000,,1st,275000
Maruti Suzuki Swift Dzire,2011,PETROL,53000,,1st,375000
Toyota Fortuner,2011,DIESEL,170000,,1st,1250000
Toyota Innova,2009,DIESEL,73000,,2nd,400000
Hyundai I20,2016,DIESEL,95000,,2nd,625000
Mahindra Scorpio,2017,DIESEL,90000,,1st,800000
Maruti Suzuki Alto K10,2017,PETROL,41000,,3rd,320000
Mahindra Quanto,2014,DIESEL,68579,,1st,420000
Other Brands Others,2011,DIESEL,92000,,1st,130000
Maruti Suzuki 800,2020,DIESEL,150,,1st,40000
Honda Brio,2014,PETROL,38000,,1st,425000
Mahindra Bolero,2014,DIESEL,47000,,1st,655000
Force Motors Force One,2014,DIESEL,16,,2nd,491000
Renault Duster,2013,DIESEL,150000,,3rd,400000
Bmw 3 Series,2010,DIESEL,80000,,2nd,850000
Maruti Suzuki Celerio,2014,PETROL,60235,,1st,425000
Chevrolet Tavera,2016,DIESEL,76000,,1st,711000
Tata Indigo Ecs,2008,DIESEL,212399,,Second,75000
Maruti Suzuki 800,2002,PETROL,30000,,First,80000
Mahindra Others,2015,DIESEL,15,,1st,420000
Maruti Suzuki Vitara Brezza,2016,DIESEL,53000,,1st,725000
Mahindra Scorpio,2016,DIESEL,72000,,1st,950000
Toyota Innova Crysta,2017,DIESEL,61000,,1st,1400000
Maruti Suzuki Vitara Brezza,2018,DIESEL,24000,,1st,825000
Maruti Suzuki Wagon R 1.0,2017,PETROL,40000,,2nd,360000
Hyundai Creta,2020,DIESEL,39000,,1st,1750000
Toyota Innova,2005,DIESEL,150000,,4+,272000
Maruti Suzuki Swift,2021,PETROL,21000,,1st,625000
Mahindra Scorpio,2017,DIESEL,67000,,1st,1150000
Mahindra Scorpio,2020,DIESEL,40000,,1st,1750000
Maruti Suzuki Estilo,2008,PETROL,87600,,2nd,135000
Tata Indica Vista,2012,DIESEL,108576,,4th,250000
Chevrolet Beat,1900,PETROL,70000,,2nd,200000
Maruti Suzuki Swift,2018,PETROL,37000,,1st,600000
Toyota Innova,2013,DIESEL,62000,,2nd,775000
Bmw 5 Series,2010,DIESEL,90000,,2nd,800000
Toyota Fortuner,2012,DIESEL,125000,,1st,1350000
Maruti Suzuki Swift,2011,DIESEL,70000,,First,325000
Maruti Suzuki Alto 800,2019,PETROL,10000,,First,370000
Mg Hector,2020,DIESEL,35000,,1st,1850000
Maruti Suzuki Wagon R,2000,LPG,14000,,2nd,50000
Hyundai Eon,2013,PETROL,47000,,4th,170000
Hyundai Xcent,2018,PETROL,15000,,1st,600000
Hyundai I10,2014,PETROL,54000,,2nd,320000
Ford Figo,2010,PETROL,44000,,1st,235000
Maruti Suzuki Ignis,2018,PETROL,19000,,1st,575000
Maruti Suzuki Ritz,2011,DIESEL,55000,,2nd,275000
Maruti Suzuki Ertiga,2016,DIESEL,84000,,2nd,600000
Skoda Rapid,2018,PETROL,9000,,1st,800000
Fiat Linea Classic,1987,PETROL,50000,,2nd,60000
Maruti Suzuki Ertiga,2018,DIESEL,78000,,2nd,999999
Honda City,2015,DIESEL,89000,,1st,750000
Tata Nano,2012,PETROL,35000,,2nd,65000
Hyundai Verna,2009,PETROL,63000,,2nd,255000
Mahindra Scorpio,2015,DIESEL,70341,,1st,1030000
Honda City Zx,2006,PETROL,120000,,1st,150000
Ford Aspire,2016,DIESEL,56379,,2nd,490000
Mahindra Jeep,2000,DIESEL,120000,,Fourth,170000
Mahindra Scorpio,2013,DIESEL,120000,,Second,600000
Maruti Suzuki Swift Dzire,2016,PETROL,25000,,2nd,500000
Maruti Suzuki Estilo,2008,PETROL,67000,,2nd,165000
Tata H2x,2012,DIESEL,25000,,2nd,272000
Honda Jazz,2019,PETROL,33000,,1st,690000
Tata Manza,2011,DIESEL,93000,,2nd,188000
Hyundai Grand I10 Nios,2012,PETROL,68000,,3rd,250000
Hyundai Creta,2018,DIESEL,30300,,1st,990000
Honda Mobilio,2014,DIESEL,63596,,1st,590000
Ford Figo,2010,DIESEL,83000,,2nd,250000
Maruti Suzuki Vitara Brezza,2018,DIESEL,73000,,1st,800000
Maruti Suzuki S-Cross,2017,DIESEL,67000,,1st,770000
Bmw X1,2017,DIESEL,59865,,1st,2795000
Hyundai Accent,2000,PETROL,80000,,2nd,45000
Audi A6,2016,DIESEL,59865,,1st,1995000
Mg Hector,2019,PETROL,29868,,1st,1895000
Toyota Fortuner,2011,DIESEL,162000,,3rd,1100000
Tata Nexon,2018,DIESEL,44000,,1st,825000
Hyundai I10,2010,PETROL,55000,,1st,240000
Other Brands Others,2018,DIESEL,50000,,First,650000
Maruti Suzuki Baleno,2006,PETROL,90000,,Second,150000
Maruti Suzuki 800,2006,PETROL,90000,,4th,65000
Ford Ecosport,2018,DIESEL,90000,,1st,721000
Tata Safari Storme,2018,DIESEL,98685,,1st,895000
Bmw Z4,2016,PETROL,2986,,1st,6495000
Hyundai I10,2009,PETROL,850000,,4th,135000
Hyundai Santro,2005,PETROL,120000,,1st,75000
Hyundai I10,2010,PETROL,41456,,1st,240000
Tata Indigo Cs,2013,DIESEL,45000,,1st,205000
Maruti Suzuki Swift Dzire,2015,PETROL,39000,,1st,525000
Maruti Suzuki Ertiga,2021,PETROL,5000,,1st,1030000
Tata Indica Vista,2009,DIESEL,45000,,2nd,130000
Force Motors Trax Cruiser,2012,DIESEL,100000,,3rd,525000
Mahindra Bolero,2017,--,85000,,1st,680000
Maruti Suzuki Omni,2017,LPG,55000,,2nd,300000
Maruti Suzuki 800,2000,PETROL,30000,,1st,38000
Maruti Suzuki A-Star,2009,PETROL,58946,,2nd,180000
Hyundai I10,2013,PETROL,47445,,1st,325000
Maruti Suzuki Omni,2006,PETROL,70000,,Second,110000
Mahindra Xuv500,2014,DIESEL,57000,,Second,749999
Maruti Suzuki Swift,2012,DIESEL,65000,,1st,380000
Skoda Rapid,2017,DIESEL,62000,,1st,690000
Mahindra Kuv 100,2016,DIESEL,56000,,1st,445000
Hyundai Elite I20,2019,DIESEL,23400,,1st,750000
Renault Kwid,2016,PETROL,55000,,2nd,290000
Maruti Suzuki S-Cross,2021,PETROL,450,,1st,1070000
Maruti Suzuki 800,2005,PETROL,49000,,2nd,35000
Maruti Suzuki Alto,2009,PETROL,66000,,--,170000
Maruti Suzuki Swift,2016,DIESEL,42000,,1st,550000
Maruti Suzuki Alto,2006,PETROL,91000,,1st,95000
Skoda Fabia,2012,DIESEL,100000,,2nd,350000
Mahindra Bolero Pik-Up,2017,DIESEL,58000,,1st,600000
Maruti Suzuki 800,2006,PETROL,30000,,2nd,55000
Tata Safari Storme,2015,DIESEL,79000,,1st,650000
Tata Indigo Ecs,2014,DIESEL,100000,,1st,155000
Volkswagen Polo,2015,DIESEL,50578,,1st,521000
Mahindra Xuv500,2013,DIESEL,80202,,1st,790000
Maruti Suzuki Vitara Brezza,2017,DIESEL,78000,,1st,875000
Tata Indica Vista,2011,DIESEL,1,,Second,255000
Maruti Suzuki 800,2003,PETROL,70000,,Third,60000
Tata Indigo Cs,2011,DIESEL,92000,,4th,150000
Maruti Suzuki Alto,2012,PETROL,62000,,1st,170000
Maruti Suzuki Swift Dzire,2015,DIESEL,57726,,2nd,550000
Other Brands Others,2006,DIESEL,250000,,2nd,165000
Hyundai Verna,2015,DIESEL,58000,,1st,725000
Hyundai Eon,2011,PETROL,57000,,1st,190000
Mahindra Others,2015,DIESEL,65213,,1st,164999
Honda Brio,2012,PETROL,30000,,2nd,275000
Maruti Suzuki Wagon R,2018,PETROL,21000,,1st,490000
Chevrolet Aveo U-Va,2008,PETROL,52000,,2nd,80000
Maruti Suzuki Swift Dzire,2009,CNG & HYBRIDS,25,,3rd,200000
Chevrolet Optra,2007,CNG & HYBRIDS,90000,,2nd,75000
Maruti Suzuki Wagon R,2016,CNG & HYBRIDS,80000,,2nd,300000
Maruti Suzuki Swift,2018,DIESEL,35000,,1st,16000
Hyundai Santro,2005,PETROL,68000,,4+,110000
Hyundai Verna,2018,DIESEL,60000,,1st,1010000
Honda Jazz,2010,PETROL,47874,,1st,311000
Maruti Suzuki Baleno,2016,PETROL,60908,,1st,560000
Hyundai I20,2013,PETROL,48000,,Second,400000
Bmw X1,2011,DIESEL,110000,,Fourth,800000
Honda City,2011,PETROL,49000,,1st,425000
Toyota Fortuner,2011,DIESEL,117000,,1st,1290000
Honda City,2014,DIESEL,52000,,1st,690000
Honda Mobilio,2017,DIESEL,100000,,2nd,600000
Maruti Suzuki Swift Dzire,2012,DIESEL,75000,,2nd,425000
Renault Duster,2013,DIESEL,98000,,2nd,490000
Tata Indica Vista,2008,DIESEL,120000,,2nd,120000
Honda Brio,2016,PETROL,27000,,1st,425000
Hyundai Elite I20,2015,DIESEL,65000,,2nd,620000
Maruti Suzuki Celerio,2017,PETROL,26000,,1st,400000
Maruti Suzuki Ertiga,2013,DIESEL,91000,,3rd,450000
Mahindra Xuv500,2018,DIESEL,43000,,2nd,1300000
Chevrolet Beat,2012,DIESEL,75000,,1st,178000
Mahindra Bolero Pik-Up,2010,DIESEL,50000,,2nd,260000
Maruti Suzuki Omni,2018,CNG & HYBRIDS,240233,,2nd,110000
Maruti Suzuki Swift Dzire,2017,DIESEL,58538,,1st,665000
Mahindra Scorpio,2017,DIESEL,54403,,1st,900000
Mahindra Xylo,2010,DIESEL,215000,,1st,350000
Hyundai Elite I20,2015,DIESEL,53645,,1st,615000
Chevrolet Beat,2011,DIESEL,65000,,2nd,190000
Maruti Suzuki Eeco,2011,PETROL,20,,2nd,270000
Hyundai I10,2008,PETROL,105000,,4th,200000
Toyota Innova Crysta,2016,DIESEL,78945,,1st,1485000
Hyundai Venue,2019,DIESEL,30000,,1st,1150000
Fiat Linea,2011,DIESEL,80000,,1st,155000
Maruti Suzuki Omni,2012,PETROL,100000,,2nd,125000
Other Brands Others,2020,DIESEL,25,,1st,110000
Hyundai I20,2016,PETROL,44000,,1st,570000
Honda City,2005,CNG & HYBRIDS,814220,,2nd,180000
Hyundai I20,2016,PETROL,44000,,1st,590000
Maruti Suzuki Wagon R,2016,PETROL,40000,,2nd,340000
Tata Indica V2,2003,DIESEL,136000,,2nd,49999
Chevrolet Beat,2012,DIESEL,93000,,2nd,140000
Chevrolet Sail,2014,DIESEL,62000,,1st,425000
Maruti Suzuki Wagon R,2016,PETROL,41400,,1st,435000
Honda Brio,2013,PETROL,42000,,1st,320000
Tata Others,2019,DIESEL,34000,,1st,740000
Tata Indigo,2014,DIESEL,52000,,1st,270000
Toyota Innova,2011,DIESEL,80000,,2nd,525000
Maruti Suzuki Swift,2012,DIESEL,50000,,2nd,375000
Maruti Suzuki 800,2002,LPG,29000,,2nd,52000
Chevrolet Spark,2013,PETROL,38461,,2nd,250000
Maruti Suzuki 800,2003,LPG,15000,,4+,51500
Maruti Suzuki Alto,2018,LPG,50000,,1st,50000
Maruti Suzuki Vitara Brezza,2018,DIESEL,47232,,1st,890000
Tata Vista,2011,DIESEL,52517,,2nd,200000
Mahindra Bolero,2014,DIESEL,90000,,2nd,500000
Ford Figo,2011,DIESEL,123000,,2nd,211000
Maruti Suzuki Swift,2008,DIESEL,62000,,2nd,250000
Hyundai Santro,2019,PETROL,8625,,1st,445000
Mahindra Others,2018,DIESEL,65213,,1st,224999
Mercedes-Benz Cls-Class,2013,DIESEL,80000,,1st,1300000
Maruti Suzuki Omni,2001,PETROL,55000,,1st,125000
Hyundai Grand I10,2013,DIESEL,67854,,1st,395000
Maruti Suzuki Ciaz,2015,PETROL,39000,,1st,650000
Ford Fiesta,2009,PETROL,56491,,3rd,200000
Hyundai Verna,2014,DIESEL,52000,,1st,650000
Maruti Suzuki Ritz,2014,DIESEL,45168,,2nd,385000
Honda Amaze,2017,DIESEL,47512,,1st,575000
Hyundai Grand I10,2018,PETROL,28791,,1st,550000
Other Brands Others,2009,PETROL,60000,,2nd,130000
Toyota Innova,2012,DIESEL,120000,,4th,450000
Hyundai Elite I20,2015,DIESEL,64000,,2nd,500000
Ford Figo,2010,DIESEL,90000,,2nd,190000
Hyundai Xcent,2016,DIESEL,170000,,2nd,300000
Maruti Suzuki 800,2006,PETROL,45000,,2nd,52000
Jaguar Xf,2011,DIESEL,65000,,2nd,1499999
Maruti Suzuki 800,2002,LPG,300400,,3rd,38500
Maruti Suzuki Swift,2018,DIESEL,42000,,1st,690000
Honda Jazz,2015,PETROL,49000,,1st,425000
Ford Endeavour,2017,DIESEL,58000,,1st,2550000
Maruti Suzuki Ritz,2011,DIESEL,68542,,2nd,290000
Hyundai I10,2011,PETROL,45000,,1st,290000
Mahindra Others,2015,DIESEL,38517,,1st,104999
Audi Q3,2017,DIESEL,64000,,1st,2550000
Honda City Zx,2008,PETROL,65000,,2nd,240000
Maruti Suzuki Ertiga,2019,DIESEL,47000,,1st,1211000
Toyota Fortuner,2014,DIESEL,90000,,1st,1590000
Toyota Fortuner,2015,DIESEL,80000,,1st,1725000
Toyota Innova Crysta,2018,DIESEL,75000,,1st,1590000
Maruti Suzuki Ertiga,2016,DIESEL,53000,,1st,85000
Hyundai I20,2013,DIESEL,62000,,1st,425000
Maruti Suzuki Alto,2005,LPG,78000,,3rd,65000
Other Brands Others,2013,DIESEL,10,,1st,425000
Chevrolet Tavera,2014,DIESEL,90000,,2nd,495000
Tata Indigo Cs,2014,DIESEL,100000,,1st,220000
Ford Figo,2012,DIESEL,100000,,3rd,250000
Jeep Compass,2018,DIESEL,15000,,1st,1700000
Maruti Suzuki Wagon R,2008,PETROL,48000,,1st,220000
Maruti Suzuki Alto,2004,PETROL,90000,,3rd,90000
Hyundai Eon,2013,PETROL,35000,,1st,200000
Other Brands Others,2019,DIESEL,25,,1st,350000
Maruti Suzuki Alto 800,2015,PETROL,120000,,2nd,215000
Maruti Suzuki Alto K10,2012,PETROL,48000,,2nd,200000
Maruti Suzuki Swift,2016,DIESEL,87000,,1st,460000
Maruti Suzuki Wagon R 1.0,2007,LPG,95000,,2nd,145000
Maruti Suzuki Alto 800,2019,PETROL,32000,,1st,310000
Maruti Suzuki Wagon R 1.0,2017,PETROL,89000,,1st,395000
Ford Ecosport,2015,--,90000,,1st,625000
Mahindra Xuv500,2015,DIESEL,75000,,1st,700000
Mahindra Bolero,2012,DIESEL,140000,,3rd,545000
Maruti Suzuki 800,2009,PETROL,35000,,3rd,85000
Hyundai Verna,2011,DIESEL,68000,,2nd,310000
Maruti Suzuki Ritz,2012,DIESEL,60000,,2nd,311000
